Date,New Doses: Residents,New Doses: Non-residents,New Partial Doses: Residents,New Partial Doses: Non-Residents,New Full Doses: Residents,New Full Doses: Non-residents,Cumulative Partial Doses: Residents,Cumulative Full Doses: Residents,Cumulative Partial Doses: Non-Residents,Cumulative Full Doses: Non-residents,Total Delivered,Doses Delivered: District Allocation,Doses Delivered: Federal Partnership,Doses Administered: District Allocation,Doses Administered: Federal Partnership,Ward 1,Ward 2,Ward 3,Ward 4,Ward 5,Ward 6,Ward 7,Ward 8,All Wards,Ward 1 65+,Ward 2 65+,Ward 3 65+,Ward 4 65+,Ward 5 65+,Ward 6 65+,Ward 7 65+,Ward 8 65+,Ward 1 65+ Partial,Ward 2 65+ Partial,Ward 3 65+ Partial,Ward 4 65+ Partial,Ward 5 65+ Partial,Ward 6 65+ Partial,Ward 7 65+ Partial,Ward 8 65+ Partial,All Wards 65+ Partial,Partially Vaccinated: 12-15,Partially Vaccinated: 16-19,Partially Vaccinated: 20-44,Partially Vaccinated: 46-64,Partially Vaccinated: 65+,Fully Vaccinated: 12-15,Fully Vaccinated: 16-19,Fully Vaccinated: 20-44,Fully Vaccinated: 46-64,Fully Vaccinated: 65+,Partially Vaccinated: Hispanic,Partially Vaccinated: Non-hispanic,Partially Vaccinated: Unknown Ethnicity,Fully Vaccinated: Hispanic,Fully Vaccinated: Non-hispanic,Fully Vaccinated: Unknown Ethnicity,Partially Vaccinated: White,Partially Vaccinated: Black,Partially Vaccinated: Asian,Partially Vaccinated: American Indian or Alaska Native,Partially Vaccinated: Native Hawaiian or Other Pacific Islander,Partially Vaccinated: Other Race,Partially Vaccinated: Unknown Race,Fully Vaccinated: White,Fully Vaccinated: Black,Fully Vaccinated: Asian,Fully Vaccinated: American Indian or Alaska Native,Fully Vaccinated: Native Hawaiian or Other Pacific Islander,Fully Vaccinated: Other Race,Fully Vaccinated: Unknown Race,16th St Heights,Cathedral Heights,Chevy Chase,Chinatown,Columbia Heights,Congress Heights/Shipley,DC Medical Center,Douglass,Eastland Gardens,Edgewood,Forest Hills,Adams Morgan,Fort Dupont,Fort Lincoln/Gateway,Georgetown,Georgetown East,GWU,Hill East,Historic Anacostia,Kent/Palisades,Kingman Park,Lamond Riggs,Barnaby Woods,Lincoln Heights,Logan Circle/Shaw,Marshall Heights,Michigan Park,Mount Pleasant,National Mall,Naval Station & Air Force,Naylor/Hillcrest,Petworth,Saint Elizabeths,Bellevue,Shepherd Park,South Columbia Heights,Stadium Armory,SW/Waterfront,Tenleytown,Trinidad,Twining,U St/Pleasant Plains,Union Station,Washington Highlands,Bloomingdale,Woodley Park,Woodridge,Brentwood,Brightwood,Brightwood Park,Capitol Hill,16th St Heights 65+,Cathedral Heights 65+,Chevy Chase 65+,Chinatown 65+,Columbia Heights 65+,Congress Heights/Shipley 65+,DC Medical Center 65+,Douglass 65+,Eastland Gardens 65+,Edgewood 65+,Forest Hills 65+,Adams Morgan 65+,Fort Dupont 65+,Fort Lincoln/Gateway 65+,Georgetown 65+,Georgetown East 65+,GWU 65+,Hill East 65+,Historic Anacostia 65+,Kent/Palisades 65+,Kingman Park 65+,Lamond Riggs 65+,Barnaby Woods 65+,Lincoln Heights 65+,Logan Circle/Shaw 65+,Marshall Heights 65+,Michigan Park 65+,Mount Pleasant 65+,National Mall 65+,Naval Station & Air Force 65+,Naylor/Hillcrest 65+,Petworth 65+,Saint Elizabeths 65+,Bellevue 65+,Shepherd Park 65+,South Columbia Heights 65+,Stadium Armory 65+,SW/Waterfront 65+,Tenleytown 65+,Trinidad 65+,Twining 65+,U St/Pleasant Plains 65+,Union Station 65+,Washington Highlands 65+,Bloomingdale 65+,Woodley Park 65+,Woodridge 65+,Brentwood 65+,Brightwood 65+,Brightwood Park 65+,Capitol Hill 65+
12/1/20,7,2,7,2,0,0,7,0,2,0,,,,,,,,,,,,,,,,,,,,,,,,,,,,,,,,,,,,,,,,,,,,,,,,,,,,,,,,,,,,,,,,,,,,,,,,,,,,,,,,,,,,,,,,,,,,,,,,,,,,,,,,,,,,,,,,,,,,,,,,,,,,,,,,,,,,,,,,,,,,,,,,,,,,,,,,,,,,,,,,,,,
12/2/20,0,1,0,1,0,0,7,0,3,0,,,,,,,,,,,,,,,,,,,,,,,,,,,,,,,,,,,,,,,,,,,,,,,,,,,,,,,,,,,,,,,,,,,,,,,,,,,,,,,,,,,,,,,,,,,,,,,,,,,,,,,,,,,,,,,,,,,,,,,,,,,,,,,,,,,,,,,,,,,,,,,,,,,,,,,,,,,,,,,,,,,
12/3/20,0,2,0,2,0,0,7,0,5,0,,,,,,,,,,,,,,,,,,,,,,,,,,,,,,,,,,,,,,,,,,,,,,,,,,,,,,,,,,,,,,,,,,,,,,,,,,,,,,,,,,,,,,,,,,,,,,,,,,,,,,,,,,,,,,,,,,,,,,,,,,,,,,,,,,,,,,,,,,,,,,,,,,,,,,,,,,,,,,,,,,,
12/4/20,1,0,1,0,0,0,8,0,5,0,,,,,,,,,,,,,,,,,,,,,,,,,,,,,,,,,,,,,,,,,,,,,,,,,,,,,,,,,,,,,,,,,,,,,,,,,,,,,,,,,,,,,,,,,,,,,,,,,,,,,,,,,,,,,,,,,,,,,,,,,,,,,,,,,,,,,,,,,,,,,,,,,,,,,,,,,,,,,,,,,,,
12/5/20,1,1,1,1,0,0,9,0,6,0,,,,,,,,,,,,,,,,,,,,,,,,,,,,,,,,,,,,,,,,,,,,,,,,,,,,,,,,,,,,,,,,,,,,,,,,,,,,,,,,,,,,,,,,,,,,,,,,,,,,,,,,,,,,,,,,,,,,,,,,,,,,,,,,,,,,,,,,,,,,,,,,,,,,,,,,,,,,,,,,,,,
12/6/20,0,0,0,0,0,0,9,0,6,0,,,,,,,,,,,,,,,,,,,,,,,,,,,,,,,,,,,,,,,,,,,,,,,,,,,,,,,,,,,,,,,,,,,,,,,,,,,,,,,,,,,,,,,,,,,,,,,,,,,,,,,,,,,,,,,,,,,,,,,,,,,,,,,,,,,,,,,,,,,,,,,,,,,,,,,,,,,,,,,,,,,
12/7/20,0,1,0,1,0,0,9,0,7,0,,,,,,,,,,,,,,,,,,,,,,,,,,,,,,,,,,,,,,,,,,,,,,,,,,,,,,,,,,,,,,,,,,,,,,,,,,,,,,,,,,,,,,,,,,,,,,,,,,,,,,,,,,,,,,,,,,,,,,,,,,,,,,,,,,,,,,,,,,,,,,,,,,,,,,,,,,,,,,,,,,,
12/8/20,1,0,1,0,0,0,10,0,7,0,,,,,,,,,,,,,,,,,,,,,,,,,,,,,,,,,,,,,,,,,,,,,,,,,,,,,,,,,,,,,,,,,,,,,,,,,,,,,,,,,,,,,,,,,,,,,,,,,,,,,,,,,,,,,,,,,,,,,,,,,,,,,,,,,,,,,,,,,,,,,,,,,,,,,,,,,,,,,,,,,,,
12/9/20,0,0,0,0,0,0,10,0,7,0,,,,,,,,,,,,,,,,,,,,,,,,,,,,,,,,,,,,,,,,,,,,,,,,,,,,,,,,,,,,,,,,,,,,,,,,,,,,,,,,,,,,,,,,,,,,,,,,,,,,,,,,,,,,,,,,,,,,,,,,,,,,,,,,,,,,,,,,,,,,,,,,,,,,,,,,,,,,,,,,,,,
12/10/20,0,0,0,0,0,0,10,0,7,0,,,,,,,,,,,,,,,,,,,,,,,,,,,,,,,,,,,,,,,,,,,,,,,,,,,,,,,,,,,,,,,,,,,,,,,,,,,,,,,,,,,,,,,,,,,,,,,,,,,,,,,,,,,,,,,,,,,,,,,,,,,,,,,,,,,,,,,,,,,,,,,,,,,,,,,,,,,,,,,,,,,
12/11/20,1,0,1,0,0,0,11,0,7,0,,,,,,,,,,,,,,,,,,,,,,,,,,,,,,,,,,,,,,,,,,,,,,,,,,,,,,,,,,,,,,,,,,,,,,,,,,,,,,,,,,,,,,,,,,,,,,,,,,,,,,,,,,,,,,,,,,,,,,,,,,,,,,,,,,,,,,,,,,,,,,,,,,,,,,,,,,,,,,,,,,,
12/12/20,3,1,3,1,0,0,14,0,8,0,,,,,,,,,,,,,,,,,,,,,,,,,,,,,,,,,,,,,,,,,,,,,,,,,,,,,,,,,,,,,,,,,,,,,,,,,,,,,,,,,,,,,,,,,,,,,,,,,,,,,,,,,,,,,,,,,,,,,,,,,,,,,,,,,,,,,,,,,,,,,,,,,,,,,,,,,,,,,,,,,,,
12/13/20,0,0,0,0,0,0,14,0,8,0,,,,,,,,,,,,,,,,,,,,,,,,,,,,,,,,,,,,,,,,,,,,,,,,,,,,,,,,,,,,,,,,,,,,,,,,,,,,,,,,,,,,,,,,,,,,,,,,,,,,,,,,,,,,,,,,,,,,,,,,,,,,,,,,,,,,,,,,,,,,,,,,,,,,,,,,,,,,,,,,,,,
12/14/20,1,5,1,5,0,0,15,0,13,0,,,,,,,,,,,,,,,,,,,,,,,,,,,,,,,,,,,,,,,,,,,,,,,,,,,,,,,,,,,,,,,,,,,,,,,,,,,,,,,,,,,,,,,,,,,,,,,,,,,,,,,,,,,,,,,,,,,,,,,,,,,,,,,,,,,,,,,,,,,,,,,,,,,,,,,,,,,,,,,,,,,
12/15/20,60,120,59,119,1,1,74,1,132,1,,,,,,,,,,,,,,,,,,,,,,,,,,,,,,,,,,,,,,,,,,,,,,,,,,,,,,,,,,,,,,,,,,,,,,,,,,,,,,,,,,,,,,,,,,,,,,,,,,,,,,,,,,,,,,,,,,,,,,,,,,,,,,,,,,,,,,,,,,,,,,,,,,,,,,,,,,,,,,,,,,,
12/16/20,339,519,339,519,0,0,413,1,651,1,,,,,,,,,,,,,,,,,,,,,,,,,,,,,,,,,,,,,,,,,,,,,,,,,,,,,,,,,,,,,,,,,,,,,,,,,,,,,,,,,,,,,,,,,,,,,,,,,,,,,,,,,,,,,,,,,,,,,,,,,,,,,,,,,,,,,,,,,,,,,,,,,,,,,,,,,,,,,,,,,,,
12/17/20,451,768,451,766,0,2,864,1,1417,3,,,,,,,,,,,,,,,,,,,,,,,,,,,,,,,,,,,,,,,,,,,,,,,,,,,,,,,,,,,,,,,,,,,,,,,,,,,,,,,,,,,,,,,,,,,,,,,,,,,,,,,,,,,,,,,,,,,,,,,,,,,,,,,,,,,,,,,,,,,,,,,,,,,,,,,,,,,,,,,,,,,
12/18/20,396,895,396,894,0,1,1260,1,2311,4,,,,,,,,,,,,,,,,,,,,,,,,,,,,,,,,,,,,,,,,,,,,,,,,,,,,,,,,,,,,,,,,,,,,,,,,,,,,,,,,,,,,,,,,,,,,,,,,,,,,,,,,,,,,,,,,,,,,,,,,,,,,,,,,,,,,,,,,,,,,,,,,,,,,,,,,,,,,,,,,,,,
12/19/20,153,390,153,390,0,0,1413,1,2701,4,,,,,,,,,,,,,,,,,,,,,,,,,,,,,,,,,,,,,,,,,,,,,,,,,,,,,,,,,,,,,,,,,,,,,,,,,,,,,,,,,,,,,,,,,,,,,,,,,,,,,,,,,,,,,,,,,,,,,,,,,,,,,,,,,,,,,,,,,,,,,,,,,,,,,,,,,,,,,,,,,,,
12/20/20,88,282,88,282,0,0,1501,1,2983,4,12975,,,,,,,,,,,,,,,,,,,,,,,,,,,,,,,,,,,,,,,,,,,,,,,,,,,,,,,,,,,,,,,,,,,,,,,,,,,,,,,,,,,,,,,,,,,,,,,,,,,,,,,,,,,,,,,,,,,,,,,,,,,,,,,,,,,,,,,,,,,,,,,,,,,,,,,,,,,,,,,,,,
12/21/20,406,892,406,892,0,0,1907,1,3875,4,29750,,,,,,,,,,,,,,,,,,,,,,,,,,,,,,,,,,,,,,,,,,,,,,,,,,,,,,,,,,,,,,,,,,,,,,,,,,,,,,,,,,,,,,,,,,,,,,,,,,,,,,,,,,,,,,,,,,,,,,,,,,,,,,,,,,,,,,,,,,,,,,,,,,,,,,,,,,,,,,,,,,
12/22/20,590,1209,589,1209,1,0,2496,2,5084,4,,,,,,,,,,,,,,,,,,,,,,,,,,,,,,,,,,,,,,,,,,,,,,,,,,,,,,,,,,,,,,,,,,,,,,,,,,,,,,,,,,,,,,,,,,,,,,,,,,,,,,,,,,,,,,,,,,,,,,,,,,,,,,,,,,,,,,,,,,,,,,,,,,,,,,,,,,,,,,,,,,,
12/23/20,501,1326,501,1326,0,0,2997,2,6410,4,,,,,,,,,,,,,,,,,,,,,,,,,,,,,,,,,,,,,,,,,,,,,,,,,,,,,,,,,,,,,,,,,,,,,,,,,,,,,,,,,,,,,,,,,,,,,,,,,,,,,,,,,,,,,,,,,,,,,,,,,,,,,,,,,,,,,,,,,,,,,,,,,,,,,,,,,,,,,,,,,,,
12/24/20,395,1031,395,1031,0,0,3392,2,7441,4,38600,,,,,,,,,,,,,,,,,,,,,,,,,,,,,,,,,,,,,,,,,,,,,,,,,,,,,,,,,,,,,,,,,,,,,,,,,,,,,,,,,,,,,,,,,,,,,,,,,,,,,,,,,,,,,,,,,,,,,,,,,,,,,,,,,,,,,,,,,,,,,,,,,,,,,,,,,,,,,,,,,,
12/25/20,0,1,0,1,0,0,3392,2,7442,4,,,,,,,,,,,,,,,,,,,,,,,,,,,,,,,,,,,,,,,,,,,,,,,,,,,,,,,,,,,,,,,,,,,,,,,,,,,,,,,,,,,,,,,,,,,,,,,,,,,,,,,,,,,,,,,,,,,,,,,,,,,,,,,,,,,,,,,,,,,,,,,,,,,,,,,,,,,,,,,,,,,
12/26/20,147,430,147,430,0,0,3539,2,7872,4,,,,,,,,,,,,,,,,,,,,,,,,,,,,,,,,,,,,,,,,,,,,,,,,,,,,,,,,,,,,,,,,,,,,,,,,,,,,,,,,,,,,,,,,,,,,,,,,,,,,,,,,,,,,,,,,,,,,,,,,,,,,,,,,,,,,,,,,,,,,,,,,,,,,,,,,,,,,,,,,,,,
12/27/20,31,66,30,66,1,0,3569,3,7938,4,,,,,,,,,,,,,,,,,,,,,,,,,,,,,,,,,,,,,,,,,,,,,,,,,,,,,,,,,,,,,,,,,,,,,,,,,,,,,,,,,,,,,,,,,,,,,,,,,,,,,,,,,,,,,,,,,,,,,,,,,,,,,,,,,,,,,,,,,,,,,,,,,,,,,,,,,,,,,,,,,,,
12/28/20,661,1396,659,1396,2,0,4228,5,9334,4,,,,,,,,,,,,,,,,,,,,,,,,,,,,,,,,,,,,,,,,,,,,,,,,,,,,,,,,,,,,,,,,,,,,,,,,,,,,,,,,,,,,,,,,,,,,,,,,,,,,,,,,,,,,,,,,,,,,,,,,,,,,,,,,,,,,,,,,,,,,,,,,,,,,,,,,,,,,,,,,,,,
12/29/20,644,1504,642,1503,2,1,4870,7,10837,5,,,,,,,,,,,,,,,,,,,,,,,,,,,,,,,,,,,,,,,,,,,,,,,,,,,,,,,,,,,,,,,,,,,,,,,,,,,,,,,,,,,,,,,,,,,,,,,,,,,,,,,,,,,,,,,,,,,,,,,,,,,,,,,,,,,,,,,,,,,,,,,,,,,,,,,,,,,,,,,,,,,
12/30/20,647,1349,645,1348,2,1,5515,9,12185,6,,,,,,,,,,,,,,,,,,,,,,,,,,,,,,,,,,,,,,,,,,,,,,,,,,,,,,,,,,,,,,,,,,,,,,,,,,,,,,,,,,,,,,,,,,,,,,,,,,,,,,,,,,,,,,,,,,,,,,,,,,,,,,,,,,,,,,,,,,,,,,,,,,,,,,,,,,,,,,,,,,,
12/31/20,307,674,307,674,0,0,5822,9,12859,6,46875,,,,,,,,,,,,,,,,,,,,,,,,,,,,,,,,,,,,,,,,,,,,,,,,,,,,,,,,,,,,,,,,,,,,,,,,,,,,,,,,,,,,,,,,,,,,,,,,,,,,,,,,,,,,,,,,,,,,,,,,,,,,,,,,,,,,,,,,,,,,,,,,,,,,,,,,,,,,,,,,,,
1/1/21,100,82,96,81,4,2,5918,13,12940,8,,,,,,,,,,,,,,,,,,,,,,,,,,,,,,,,,,,,,,,,,,,,,,,,,,,,,,,,,,,,,,,,,,,,,,,,,,,,,,,,,,,,,,,,,,,,,,,,,,,,,,,,,,,,,,,,,,,,,,,,,,,,,,,,,,,,,,,,,,,,,,,,,,,,,,,,,,,,,,,,,,,
1/2/21,506,707,497,690,9,17,6415,22,13630,25,,,,,,,,,,,,,,,,,,,,,,,,,,,,,,,,,,,,,,,,,,,,,,,,,,,,,,,,,,,,,,,,,,,,,,,,,,,,,,,,,,,,,,,,,,,,,,,,,,,,,,,,,,,,,,,,,,,,,,,,,,,,,,,,,,,,,,,,,,,,,,,,,,,,,,,,,,,,,,,,,,,
1/3/21,405,410,393,391,12,19,6808,34,14021,44,,,,,,,,,,,,,,,,,,,,,,,,,,,,,,,,,,,,,,,,,,,,,,,,,,,,,,,,,,,,,,,,,,,,,,,,,,,,,,,,,,,,,,,,,,,,,,,,,,,,,,,,,,,,,,,,,,,,,,,,,,,,,,,,,,,,,,,,,,,,,,,,,,,,,,,,,,,,,,,,,,,
1/4/21,875,1455,787,1310,88,145,7595,122,15331,189,,,,,,,,,,,,,,,,,,,,,,,,,,,,,,,,,,,,,,,,,,,,,,,,,,,,,,,,,,,,,,,,,,,,,,,,,,,,,,,,,,,,,,,,,,,,,,,,,,,,,,,,,,,,,,,,,,,,,,,,,,,,,,,,,,,,,,,,,,,,,,,,,,,,,,,,,,,,,,,,,,,
1/5/21,1004,1717,748,1237,256,480,8343,378,16568,669,,,,,,,,,,,,,,,,,,,,,,,,,,,,,,,,,,,,,,,,,,,,,,,,,,,,,,,,,,,,,,,,,,,,,,,,,,,,,,,,,,,,,,,,,,,,,,,,,,,,,,,,,,,,,,,,,,,,,,,,,,,,,,,,,,,,,,,,,,,,,,,,,,,,,,,,,,,,,,,,,,,
1/6/21,1215,1710,886,1105,329,605,9229,707,17673,1274,,,,,,,,,,,,,,,,,,,,,,,,,,,,,,,,,,,,,,,,,,,,,,,,,,,,,,,,,,,,,,,,,,,,,,,,,,,,,,,,,,,,,,,,,,,,,,,,,,,,,,,,,,,,,,,,,,,,,,,,,,,,,,,,,,,,,,,,,,,,,,,,,,,,,,,,,,,,,,,,,,,
1/7/21,987,1832,577,1081,410,751,9806,1117,18754,2025,55375,,,,,,,,,,,,,,,,,,,,,,,,,,,,,,,,,,,,,,,,,,,,,,,,,,,,,,,,,,,,,,,,,,,,,,,,,,,,,,,,,,,,,,,,,,,,,,,,,,,,,,,,,,,,,,,,,,,,,,,,,,,,,,,,,,,,,,,,,,,,,,,,,,,,,,,,,,,,,,,,,,
1/8/21,898,1818,503,981,395,837,10309,1512,19735,2862,,,,,,,,,,,,,,,,,,,,,,,,,,,,,,,,,,,,,,,,,,,,,,,,,,,,,,,,,,,,,,,,,,,,,,,,,,,,,,,,,,,,,,,,,,,,,,,,,,,,,,,,,,,,,,,,,,,,,,,,,,,,,,,,,,,,,,,,,,,,,,,,,,,,,,,,,,,,,,,,,,,
1/9/21,922,1443,795,1172,127,271,11104,1639,20907,3133,,,,,,,,,,,,,,,,,,,,,,,,,,,,,,,,,,,,,,,,,,,,,,,,,,,,,,,,,,,,,,,,,,,,,,,,,,,,,,,,,,,,,,,,,,,,,,,,,,,,,,,,,,,,,,,,,,,,,,,,,,,,,,,,,,,,,,,,,,,,,,,,,,,,,,,,,,,,,,,,,,,
1/10/21,598,971,575,869,23,102,11679,1662,21776,3235,,,,,,,,,,,,,,,,,,,,,,,,,,,,,,,,,,,,,,,,,,,,,,,,,,,,,,,,,,,,,,,,,,,,,,,,,,,,,,,,,,,,,,,,,,,,,,,,,,,,,,,,,,,,,,,,,,,,,,,,,,,,,,,,,,,,,,,,,,,,,,,,,,,,,,,,,,,,,,,,,,,
1/11/21,1328,1688,877,673,451,1015,12556,2113,22449,4250,,,,,,,,,,,,,,,,,,,,,,,,,,,,,,,,,,,,,,,,,,,,,,,,,,,,,,,,,,,,,,,,,,,,,,,,,,,,,,,,,,,,,,,,,,,,,,,,,,,,,,,,,,,,,,,,,,,,,,,,,,,,,,,,,,,,,,,,,,,,,,,,,,,,,,,,,,,,,,,,,,,
1/12/21,2441,1916,1979,861,462,1055,14535,2575,23310,5305,,,,,,,,,,,,,,,,,,,,,,,,,,,,,,,,,,,,,,,,,,,,,,,,,,,,,,,,,,,,,,,,,,,,,,,,,,,,,,,,,,,,,,,,,,,,,,,,,,,,,,,,,,,,,,,,,,,,,,,,,,,,,,,,,,,,,,,,,,,,,,,,,,,,,,,,,,,,,,,,,,,
1/13/21,2146,1684,1740,730,406,954,16275,2981,24040,6259,,,,,,,,,,,,,,,,,,,,,,,,,,,,,,,,,,,,,,,,,,,,,,,,,,,,,,,,,,,,,,,,,,,,,,,,,,,,,,,,,,,,,,,,,,,,,,,,,,,,,,,,,,,,,,,,,,,,,,,,,,,,,,,,,,,,,,,,,,,,,,,,,,,,,,,,,,,,,,,,,,,
1/14/21,2588,1448,2304,771,284,677,18579,3265,24811,6936,61925,,,,,,,,,,,,,,,,,,,,,,,,,,,,,,,,,,,,,,,,,,,,,,,,,,,,,,,,,,,,,,,,,,,,,,,,,,,,,,,,,,,,,,,,,,,,,,,,,,,,,,,,,,,,,,,,,,,,,,,,,,,,,,,,,,,,,,,,,,,,,,,,,,,,,,,,,,,,,,,,,,
1/15/21,2173,1725,1980,1150,193,575,20559,3458,25961,7511,,,,,,,,,,,,,,,,,,,,,,,,,,,,,,,,,,,,,,,,,,,,,,,,,,,,,,,,,,,,,,,,,,,,,,,,,,,,,,,,,,,,,,,,,,,,,,,,,,,,,,,,,,,,,,,,,,,,,,,,,,,,,,,,,,,,,,,,,,,,,,,,,,,,,,,,,,,,,,,,,,,
1/16/21,1902,467,1861,314,41,153,22420,3499,26275,7664,,,,,,642,429,525,251,302,510,90,79,3285,,,,,,,,,511,947,1915,1049,457,875,434,294,6652,,,,,,,,,,,,,,,,,,,,,,,,,,,,,,,,,,,,,,,,,,,,,,,,,,,,,,,,,,,,,,,,,,,,,,,,,,,,,,,,,,,,,,,,,,,,,,,,,,,,,,,,,,,,,,,,,,,,,,,,,,,,,,,,,,,,
1/17/21,376,47,376,46,0,1,22796,3499,26321,7665,,,,,,,,,,,,,,,,,,,,,,,,,,,,,,,,,,,,,,,,,,,,,,,,,,,,,,,,,,,,,,,,,,,,,,,,,,,,,,,,,,,,,,,,,,,,,,,,,,,,,,,,,,,,,,,,,,,,,,,,,,,,,,,,,,,,,,,,,,,,,,,,,,,,,,,,,,,,,,,,,,,
1/18/21,703,434,601,159,102,276,23397,3601,26480,7941,,,,,,,,,,,,,,,,,,,,,,,,,,,,,,,,,,,,,,,,,,,,,,,,,,,,,,,,,,,,,,,,,,,,,,,,,,,,,,,,,,,,,,,,,,,,,,,,,,,,,,,,,,,,,,,,,,,,,,,,,,,,,,,,,,,,,,,,,,,,,,,,,,,,,,,,,,,,,,,,,,,
1/19/21,2144,1606,1757,450,387,1156,25154,3988,26930,9097,,,,,,,,,,,,,,,,,,,,,,,,,,,,,,,,,,,,,,,,,,,,,,,,,,,,,,,,,,,,,,,,,,,,,,,,,,,,,,,,,,,,,,,,,,,,,,,,,,,,,,,,,,,,,,,,,,,,,,,,,,,,,,,,,,,,,,,,,,,,,,,,,,,,,,,,,,,,,,,,,,,
1/20/21,910,706,716,265,194,441,25870,4182,27195,9538,,,,,,,,,,,,,,,,,,,,,,,,,,,,,,,,,,,,,,,,,,,,,,,,,,,,,,,,,,,,,,,,,,,,,,,,,,,,,,,,,,,,,,,,,,,,,,,,,,,,,,,,,,,,,,,,,,,,,,,,,,,,,,,,,,,,,,,,,,,,,,,,,,,,,,,,,,,,,,,,,,,
1/21/21,2468,1516,2227,783,242,733,28097,4424,27978,10271,76300,,,,,,,,,,,,,,,,,,,,,,,,,,,,,,,,,,,,,,,,,,,,,,,,,,,,,,,,,,,,,,,,,,,,,,,,,,,,,,,,,,,,,,,,,,,,,,,,,,,,,,,,,,,,,,,,,,,,,,,,,,,,,,,,,,,,,,,,,,,,,,,,,,,,,,,,,,,,,,,,,,
1/22/21,2060,1060,1945,671,115,389,30042,4539,28649,10660,,,,,,,,,,,,,,,,,,,,,,,,,,,,,,,,,,,,,,,,,,,,,,,,,,,,,,,,,,,,,,,,,,,,,,,,,,,,,,,,,,,,,,,,,,,,,,,,,,,,,,,,,,,,,,,,,,,,,,,,,,,,,,,,,,,,,,,,,,,,,,,,,,,,,,,,,,,,,,,,,,,
1/23/21,1532,557,1444,336,88,221,31486,4627,28985,10881,,,,,,785,559,704,339,421,659,142,122,4357,,,,,,,,,1176,1738,3662,2335,1140,1533,827,537,13178,,,,,,,,,,,,,,,,,,,,,,,,,,,,,,,,,,,,,,,,,,,,,,,,,,,,,,,,,,,,,,,,,,,,,,,,,,,,,,,,,,,,,,,,,,,,,,,,,,,,,,,,,,,,,,,,,,,,,,,,,,,,,,,,,,,,
1/24/21,562,112,533,54,29,58,32019,4656,29039,10939,,,,,,,,,,,,,,,,,,,,,,,,,,,,,,,,,,,,,,,,,,,,,,,,,,,,,,,,,,,,,,,,,,,,,,,,,,,,,,,,,,,,,,,,,,,,,,,,,,,,,,,,,,,,,,,,,,,,,,,,,,,,,,,,,,,,,,,,,,,,,,,,,,,,,,,,,,,,,,,,,,,
1/25/21,1306,1597,909,631,397,966,32928,5053,29670,11905,,,,,,,,,,,,,,,,,,,,,,,,,,,,,,,,,,,,,,,,,,,,,,,,,,,,,,,,,,,,,,,,,,,,,,,,,,,,,,,,,,,,,,,,,,,,,,,,,,,,,,,,,,,,,,,,,,,,,,,,,,,,,,,,,,,,,,,,,,,,,,,,,,,,,,,,,,,,,,,,,,,
1/26/21,2206,1497,1909,756,297,741,34837,5350,30426,12646,,,,,,,,,,,,,,,,,,,,,,,,,,,,,,,,,,,,,,,,,,,,,,,,,,,,,,,,,,,,,,,,,,,,,,,,,,,,,,,,,,,,,,,,,,,,,,,,,,,,,,,,,,,,,,,,,,,,,,,,,,,,,,,,,,,,,,,,,,,,,,,,,,,,,,,,,,,,,,,,,,,
1/27/21,2133,1987,1443,726,690,1261,36280,6040,31152,13907,,,,,,,,,,,,,,,,,,,,,,,,,,,,,,,,,,,,,,,,,,,,,,,,,,,,,,,,,,,,,,,,,,,,,,,,,,,,,,,,,,,,,,,,,,,,,,,,,,,,,,,,,,,,,,,,,,,,,,,,,,,,,,,,,,,,,,,,,,,,,,,,,,,,,,,,,,,,,,,,,,,
1/28/21,2183,1792,1890,1054,293,738,38170,6333,32206,14645,87275,,,,,992,737,980,537,624,900,223,202,5918,,,,,,,,,1717,2305,4964,3506,1944,2215,1334,867,19090,,,,,,,,,,,,14725,,,10738,,9611,6436,,,,18227,,7909,3531,,,,5324,,,,,,,,,,,,,,,,,,,,,,,,,,,,,,,,,,,,,,,,,,,,,,,,,,,,,,,,,,,,,,,,,,,,,,,,,,,,,,,,,,,,,,,,,,,,,,,,,,,,,,,
1/29/21,2063,1932,1634,990,429,942,39804,6762,33196,15587,,,,,,,,,,,,,,,,,,,,,,,,,,,,,,,,,,,,,,,,,,,,,,,,,,,,,,,,,,,,,,,,,,,,,,,,,,,,,,,,,,,,,,,,,,,,,,,,,,,,,,,,,,,,,,,,,,,,,,,,,,,,,,,,,,,,,,,,,,,,,,,,,,,,,,,,,,,,,,,,,,,
1/30/21,1882,1383,1738,1127,144,256,41542,6906,34323,15843,,,,,,,,,,,,,,,,,,,,,,,,,,,,,,,,,,,,,,,,,,,,,,,,,,,,,,,,,,,,,,,,,,,,,,,,,,,,,,,,,,,,,,,,,,,,,,,,,,,,,,,,,,,,,,,,,,,,,,,,,,,,,,,,,,,,,,,,,,,,,,,,,,,,,,,,,,,,,,,,,,,
1/31/21,983,742,339,121,645,621,41881,7551,34444,16464,,,,,,,,,,,,,,,,,,,,,,,,,,,,,,,,,,,,,,,,,,,,,,,,,,,,,,,,,,,,,,,,,,,,,,,,,,,,,,,,,,,,,,,,,,,,,,,,,,,,,,,,,,,,,,,,,,,,,,,,,,,,,,,,,,,,,,,,,,,,,,,,,,,,,,,,,,,,,,,,,,,
2/1/21,1073,797,614,345,461,452,42495,8012,34789,16916,,,,,,,,,,,,,,,,,,,,,,,,,,,,,,,,,,,,,,,,,,,,,,,,,,,,,,,,,,,,,,,,,,,,,,,,,,,,,,,,,,,,,,,,,,,,,,,,,,,,,,,,,,,,,,,,,,,,,,,,,,,,,,,,,,,,,,,,,,,,,,,,,,,,,,,,,,,,,,,,,,,
2/2/21,2046,1190,1357,433,689,757,43852,8701,35222,17673,,,,,,,,,,,,,,,,,,,,,,,,,,,,,,,,,,,,,,,,,,,,,,,,,,,,,,,,,,,,,,,,,,,,,,,,,,,,,,,,,,,,,,,,,,,,,,,,,,,,,,,,,,,,,,,,,,,,,,,,,,,,,,,,,,,,,,,,,,,,,,,,,,,,,,,,,,,,,,,,,,,
2/3/21,2454,1896,1215,460,1239,1436,45067,9940,35682,19109,,,,,,,,,,,,,,,,,,,,,,,,,,,,,,,,,,,,,,,,,,,,,,,,,,,,,,,,,,,,,,,,,,,,,,,,,,,,,,,,,,,,,,,,,,,,,,,,,,,,,,,,,,,,,,,,,,,,,,,,,,,,,,,,,,,,,,,,,,,,,,,,,,,,,,,,,,,,,,,,,,,
2/4/21,2816,1390,1795,565,1021,825,46862,10961,36247,19934,98750,,,,,,,,,,,,,,,,,,,,,,,,,,,,,,,,,,,,,,,,,,,,,,,,,,,,,,,,,,,,,,,,,,,,,,,,,,,,,,,,,,,,,,,,,,,,,,,,,,,,,,,,,,,,,,,,,,,,,,,,,,,,,,,,,,,,,,,,,,,,,,,,,,,,,,,,,,,,,,,,,,
2/5/21,2704,2008,1339,589,1365,1419,48201,12326,36836,21353,,,,,,,,,,,,,,,,,,,,,,,,,,,,,,,,,,,,,,,,,,,,,,,,,,,,,,,,,,,,,,,,,,,,,,,,,,,,,,,,,,,,,,,,,,,,,,,,,,,,,,,,,,,,,,,,,,,,,,,,,,,,,,,,,,,,,,,,,,,,,,,,,,,,,,,,,,,,,,,,,,,
2/6/21,1999,769,1361,272,638,497,49562,12964,37108,21850,,,,,,1124,767,862,778,901,1199,390,334,7193,,,,,,,,,2452,3735,8723,4911,2780,3394,1982,1258,24463,,,,,,,,,,,,,,,,,,,,,,,,,,,,,,,,,,,,,,,,,,,,,,,,,,,,,,,,,,,,,,,,,,,,,,,,,,,,,,,,,,,,,,,,,,,,,,,,,,,,,,,,,,,,,,,,,,,,,,,,,,,,,,,,,,,,
2/7/21,943,1111,290,162,653,949,49852,13617,37270,22799,,,,,,,,,,,,,,,,,,,,,,,,,,,,,,,,,,,,,,,,,,,,,,,,,,,,,,,,,,,,,,,,,,,,,,,,,,,,,,,,,,,,,,,,,,,,,,,,,,,,,,,,,,,,,,,,,,,,,,,,,,,,,,,,,,,,,,,,,,,,,,,,,,,,,,,,,,,,,,,,,,,
2/8/21,2330,1011,1394,597,936,414,51246,14553,37867,23213,,,,,,,,,,,,,,,,,,,,,,,,,,,,,,,,,,,,,,,,,,,,,,,,,,,,,,,,,,,,,,,,,,,,,,,,,,,,,,,,,,,,,,,,,,,,,,,,,,,,,,,,,,,,,,,,,,,,,,,,,,,,,,,,,,,,,,,,,,,,,,,,,,,,,,,,,,,,,,,,,,,
2/9/21,2930,1059,1625,629,1305,430,52871,15858,38496,23643,,,,,,,,,,,,,,,,,,,,,,,,,,,,,,,,,,,,,,,,,,,,,,,,,,,,,,,,,,,,,,,,,,,,,,,,,,,,,,,,,,,,,,,,,,,,,,,,,,,,,,,,,,,,,,,,,,,,,,,,,,,,,,,,,,,,,,,,,,,,,,,,,,,,,,,,,,,,,,,,,,,
2/10/21,3650,1190,1410,670,2240,520,54281,18098,39166,24163,,,,,,,,,,,,,,,,,,,,,,,,,,,,,,,,,,,,,,,,,,,,,,,,,,,,,,,,,,,,,,,,,,,,,,,,,,,,,,,,,,,,,,,,,,,,,,,,,,,,,,,,,,,,,,,,,,,,,,,,,,,,,,,,,,,,,,,,,,,,,,,,,,,,,,,,,,,,,,,,,,,
2/11/21,2796,1246,1368,618,1428,628,55649,19526,39784,24791,110825,,,,,,,,,,,,,,,,,,,,,,,,,,,,,,,,,,,,,,,,,,,,,,,,,,,,,,,,,,,,,,,,,,,,,,,,,,,,,,,,,,,,,,,,,,,,,,,,,,,,,,,,,,,,,,,,,,,,,,,,,,,,,,,,,,,,,,,,,,,,,,,,,,,,,,,,,,,,,,,,,,
2/12/21,4089,1633,1342,726,2747,907,56991,22273,40510,25698,,,,,,,,,,,,,,,,,,,,,,,,,,,,,,,,,,,,,,,,,,,,,,,,,,,,,,,,,,,,,,,,,,,,,,,,,,,,,,,,,,,,,,,,,,,,,,,,,,,,,,,,,,,,,,,,,,,,,,,,,,,,,,,,,,,,,,,,,,,,,,,,,,,,,,,,,,,,,,,,,,,
2/13/21,2020,554,1101,426,919,128,58092,23192,40936,25826,,,,,,,,,,,,,,,,,,,,,,,,,,,,,,,,,,,,,,,,,,,,,,,,,,,,,,,,,,,,,,,,,,,,,,,,,,,,,,,,,,,,,,,,,,,,,,,,,,,,,,,,,,,,,,,,,,,,,,,,,,,,,,,,,,,,,,,,,,,,,,,,,,,,,,,,,,,,,,,,,,,
2/14/21,1694,267,329,148,1365,119,58421,24557,41084,25945,,,,,,2111,2436,3669,2142,1830,2316,1007,799,17468,,,,,,,,,2632,3510,7511,5484,3518,3697,2543,1650,30800,,37,5581,4101,23494,0,18,7134,3007,7306,1227,12978,,383,8221,,,,,,,,,,,,,,,,396,819,313,416,582,167,50,79,95,200,448,732,129,189,242,761,302,163,94,771,258,267,510,290,666,156,272,290,0,4,196,262,91,148,234,237,1,459,871,203,251,460,541,48,334,583,216,224,260,174,468,,,,,,,,,,,,,,,,,,,,,,,,,,,,,,,,,,,,,,,,,,,,,,,,,,,
2/15/21,2658,1355,889,348,1769,1007,59310,26326,41432,26952,,,,,,,,,,,,,,,,,,,,,,,,,,,,,,,,,,,,,,,,,,,,,,,,,,,,,,,,,,,,,,,,,,,,,,,,,,,,,,,,,,,,,,,,,,,,,,,,,,,,,,,,,,,,,,,,,,,,,,,,,,,,,,,,,,,,,,,,,,,,,,,,,,,,,,,,,,,,,,,,,,,
2/16/21,3274,1247,1564,595,1710,652,60874,28036,42027,27604,,,,,,,,,,,,,,,,,,,,,,,,,,,,,,,,,,,,,,,,,,,,,,,,,,,,,,,,,,,,,,,,,,,,,,,,,,,,,,,,,,,,,,,,,,,,,,,,,,,,,,,,,,,,,,,,,,,,,,,,,,,,,,,,,,,,,,,,,,,,,,,,,,,,,,,,,,,,,,,,,,,
2/17/21,3367,1262,1860,663,1507,599,62734,29543,42690,28203,,,,,,,,,,,,,,,,,,,,,,,,,,,,,,,,,,,,,,,,,,,,,,,,,,,,,,,,,,,,,,,,,,,,,,,,,,,,,,,,,,,,,,,,,,,,,,,,,,,,,,,,,,,,,,,,,,,,,,,,,,,,,,,,,,,,,,,,,,,,,,,,,,,,,,,,,,,,,,,,,,,
2/18/21,1622,481,654,217,968,264,63388,30511,42907,28467,126215,,,,,,,,,,,,,,,,,,,,,,,,,,,,,,,,,,,,,,,,,,,,,,,,,,,,,,,,,,,,,,,,,,,,,,,,,,,,,,,,,,,,,,,,,,,,,,,,,,,,,,,,,,,,,,,,,,,,,,,,,,,,,,,,,,,,,,,,,,,,,,,,,,,,,,,,,,,,,,,,,,
2/19/21,2788,1202,1563,664,1225,538,64951,31736,43571,29005,,,,,,,,,,,,,,,,,,,,,,,,,,,,,,,,,,,,,,,,,,,,,,,,,,,,,,,,,,,,,,,,,,,,,,,,,,,,,,,,,,,,,,,,,,,,,,,,,,,,,,,,,,,,,,,,,,,,,,,,,,,,,,,,,,,,,,,,,,,,,,,,,,,,,,,,,,,,,,,,,,,
2/20/21,2779,1466,1150,438,1629,1028,66101,33365,44009,30033,,,,,,,,,,,,,,,,,,,,,,,,,,,,,,,33743,,36,5466,4139,22844,0,23,7717,3432,10899,1241,12712,18534,548,10610,10914,6261,6582,,,,14183,5461,8225,3583,,,,6114,4150,513,1017,400,483,681,201,57,110,140,237,570,905,180,272,296,925,361,198,123,1118,329,373,653,348,785,211,406,375,0,4,271,334,148,187,347,270,1,559,1093,247,343,565,673,70,431,738,314,302,364,232,590,,,,,,,,,,,,,,,,,,,,,,,,,,,,,,,,,,,,,,,,,,,,,,,,,,,
2/21/21,1039,344,584,167,455,177,66685,33820,44176,30210,,,,,,,,,,,,,,,,,,,,,,,,,,,,,,,,,,,,,,,,,,,,,,,,,,,,,,,,,,,,,,,,,,,,,,,,,,,,,,,,,,,,,,,,,,,,,,,,,,,,,,,,,,,,,,,,,,,,,,,,,,,,,,,,,,,,,,,,,,,,,,,,,,,,,,,,,,,,,,,,,,,
2/22/21,1566,796,784,444,782,352,67469,34602,44620,30562,,,,,,,,,,,,,,,,,,,,,,,,,,,,,,,,,,,,,,,,,,,,,,,,,,,,,,,,,,,,,,,,,,,,,,,,,,,,,,,,,,,,,,,,,,,,,,,,,,,,,,,,,,,,,,,,,,,,,,,,,,,,,,,,,,,,,,,,,,,,,,,,,,,,,,,,,,,,,,,,,,,
2/23/21,2940,1235,1594,642,1346,593,69063,35948,45262,31155,,,,,,,,,,,,,,,,,,,,,,,,,,,,,,,,,,,,,,,,,,,,,,,,,,,,,,,,,,,,,,,,,,,,,,,,,,,,,,,,,,,,,,,,,,,,,,,,,,,,,,,,,,,,,,,,,,,,,,,,,,,,,,,,,,,,,,,,,,,,,,,,,,,,,,,,,,,,,,,,,,,
2/24/21,2799,1086,1577,690,1222,396,70640,37170,45952,31551,,,,,,,,,,,,,,,,,,,,,,,,,,,,,,,,,,,,,,,,,,,,,,,,,,,,,,,,,,,,,,,,,,,,,,,,,,,,,,,,,,,,,,,,,,,,,,,,,,,,,,,,,,,,,,,,,,,,,,,,,,,,,,,,,,,,,,,,,,,,,,,,,,,,,,,,,,,,,,,,,,,
2/25/21,3117,1178,1712,713,1405,465,72352,38575,46665,32016,142775,,,,,,,,,,,,,,,,,,,,,,,,,,,,,,,,,,,,,,,,,,,,,,,,,,,,,,,,,,,,,,,,,,,,,,,,,,,,,,,,,,,,,,,,,,,,,,,,,,,,,,,,,,,,,,,,,,,,,,,,,,,,,,,,,,,,,,,,,,,,,,,,,,,,,,,,,,,,,,,,,,
2/26/21,3141,1052,1868,637,1273,416,74220,39848,47302,32432,,,,,,,,,,,,,,,,,,,,,,,,,,,,,,,,,,,,,,,,,,,,,,,,,,,,,,,,,,,,,,,,,,,,,,,,,,,,,,,,,,,,,,,,,,,,,,,,,,,,,,,,,,,,,,,,,,,,,,,,,,,,,,,,,,,,,,,,,,,,,,,,,,,,,,,,,,,,,,,,,,,
2/27/21,2502,626,1137,353,1365,273,75357,41213,47655,32705,,,,,,3407,3339,5689,4305,3481,3705,2048,1505,29409,1434,1856,4063,2755,1779,1677,1271,811,,,,,,,,,39637,,62,7040,5377,23533,0,31,9059,4209,16104,1392,13884,20741,878,13747,14783,7048,8147,,,,14023,6799,10429,5715,,,,8334,4930,828,1208,559,634,908,284,75,140,210,306,734,1204,295,434,347,1080,421,268,180,1333,470,557,899,454,955,319,629,529,1,4,456,507,197,274,572,363,1,712,1331,356,584,715,966,108,587,922,468,419,590,338,748,479,692,436,277,303,174,21,50,113,99,545,603,186,270,212,751,229,120,80,970,241,335,721,265,401,177,401,293,0,0,300,248,87,163,399,110,1,327,1079,99,396,266,247,64,231,624,307,228,338,173,525
2/28/21,1065,300,646,226,420,74,76003,41633,47881,32779,148675,,,,,,,,,,,,,,,,,,,,,,,,,,,,,,,,,,,,,,,,,,,,,,,,,,,,,,,,,,,,,,,,,,,,,,,,,,,,,,,,,,,,,,,,,,,,,,,,,,,,,,,,,,,,,,,,,,,,,,,,,,,,,,,,,,,,,,,,,,,,,,,,,,,,,,,,,,,,,,,,,,
3/1/21,3862,1074,2217,466,1656,619,78220,43289,48347,33398,149275,,,,,,,,,,,,,,,,,,,,,,,,,,,,,,,,,,,,,,,,,,,,,,,,,,,,,,,,,,,,,,,,,,,,,,,,,,,,,,,,,,,,,,,,,,,,,,,,,,,,,,,,,,,,,,,,,,,,,,,,,,,,,,,,,,,,,,,,,,,,,,,,,,,,,,,,,,,,,,,,,,
3/2/21,4370,1025,2778,442,1592,583,80998,44881,48789,33981,150575,,,,,,,,,,,,,,,,,,,,,,,,,,,,,,,,,,,,,,,,,,,,,,,,,,,,,,,,,,,,,,,,,,,,,,,,,,,,,,,,,,,,,,,,,,,,,,,,,,,,,,,,,,,,,,,,,,,,,,,,,,,,,,,,,,,,,,,,,,,,,,,,,,,,,,,,,,,,,,,,,,
3/3/21,4266,1089,3035,572,1232,520,84033,46113,49361,34501,153975,,,,,,,,,,,,,,,,,,,,,,,,,,,,,,,,,,,,,,,,,,,,,,,,,,,,,,,,,,,,,,,,,,,,,,,,,,,,,,,,,,,,,,,,,,,,,,,,,,,,,,,,,,,,,,,,,,,,,,,,,,,,,,,,,,,,,,,,,,,,,,,,,,,,,,,,,,,,,,,,,,
3/4/21,4682,1149,3167,650,1515,500,87200,47628,50011,35001,170535,,,,,,,,,,,,,,,,,,,,,,,,,,,,,,,,,,,,,,,,,,,,,,,,,,,,,,,,,,,,,,,,,,,,,,,,,,,,,,,,,,,,,,,,,,,,,,,,,,,,,,,,,,,,,,,,,,,,,,,,,,,,,,,,,,,,,,,,,,,,,,,,,,,,,,,,,,,,,,,,,,
3/5/21,3811,1241,2888,629,923,619,90088,48551,50640,35620,,,,,,,,,,,,,,,,,,,,,,,,,,,,,,,,,,,,,,,,,,,,,,,,,,,,,,,,,,,,,,,,,,,,,,,,,,,,,,,,,,,,,,,,,,,,,,,,,,,,,,,,,,,,,,,,,,,,,,,,,,,,,,,,,,,,,,,,,,,,,,,,,,,,,,,,,,,,,,,,,,,
3/6/21,5635,692,4366,304,3580,443,94454,52131,50944,36063,,,,,,4468,4545,7434,5839,4825,5160,3008,2141,38007,1893,2495,5314,3639,2526,2460,1829,1191,,,,,,,,,44084,,125,8522,9332,22720,0,42,11154,5441,21364,1622,16991,22090,1349,15688,20969,8723,10272,,,,13228,8480,12863,8044,,,,10873,6226,1118,1534,681,842,1190,347,90,205,302,387,974,1531,443,695,409,1390,661,419,267,1672,674,803,1122,624,1268,487,808,700,1,6,666,676,252,389,733,460,1,1009,1691,497,805,922,1239,158,778,1185,621,548,824,473,1001,642,904,524,391,404,214,27,85,165,135,704,773,276,445,255,947,304,196,128,1236,345,478,851,365,566,269,510,377,0,0,423,339,117,237,509,145,1,484,1346,165,538,356,379,95,321,819,398,302,471,243,697
3/7/21,1104,238,790,104,314,151,95244,52445,51048,36214,,,,,,,,,,,,,,,,,,,,,,,,,,,,,,,,,,,,,,,,,,,,,,,,,,,,,,,,,,,,,,,,,,,,,,,,,,,,,,,,,,,,,,,,,,,,,,,,,,,,,,,,,,,,,,,,,,,,,,,,,,,,,,,,,,,,,,,,,,,,,,,,,,,,,,,,,,,,,,,,,,,
3/8/21,4038,940,2853,401,1187,550,98097,53632,51449,36764,,,,,,,,,,,,,,,,,,,,,,,,,,,,,,,,,,,,,,,,,,,,,,,,,,,,,,,,,,,,,,,,,,,,,,,,,,,,,,,,,,,,,,,,,,,,,,,,,,,,,,,,,,,,,,,,,,,,,,,,,,,,,,,,,,,,,,,,,,,,,,,,,,,,,,,,,,,,,,,,,,,
3/9/21,4543,952,2866,422,1678,544,100963,55310,51871,37308,,,,,,,,,,,,,,,,,,,,,,,,,,,,,,,,,,,,,,,,,,,,,,,,,,,,,,,,,,,,,,,,,,,,,,,,,,,,,,,,,,,,,,,,,,,,,,,,,,,,,,,,,,,,,,,,,,,,,,,,,,,,,,,,,,,,,,,,,,,,,,,,,,,,,,,,,,,,,,,,,,,
3/10/21,4799,1192,3198,564,1602,637,104161,56912,52435,37945,,,,,,,,,,,,,,,,,,,,,,,,,,,,,,,,,,,,,,,,,,,,,,,,,,,,,,,,,,,,,,,,,,,,,,,,,,,,,,,,,,,,,,,,,,,,,,,,,,,,,,,,,,,,,,,,,,,,,,,,,,,,,,,,,,,,,,,,,,,,,,,,,,,,,,,,,,,,,,,,,,,
3/11/21,5102,888,3881,525,1222,373,108042,58134,52960,38318,185335,,,,,,,,,,,,,,,,,,,,,,,,,,,,,,,,,,,,,,,,,,,,,,,,,,,,,,,,,,,,,,,,,,,,,,,,,,,,,,,,,,,,,,,,,,,,,,,,,,,,,,,,,,,,,,,,,,,,,,,,,,,,,,,,,,,,,,,,,,,,,,,,,,,,,,,,,,,,,,,,,,
3/12/21,4237,1081,3001,416,1239,670,111043,59373,53376,38988,,,,,,,,,,,,,,,,,,,,,,,,,,,,,,,,,,,,,,,,,,,,,,,,,,,,,,,,,,,,,,,,,,,,,,,,,,,,,,,,,,,,,,,,,,,,,,,,,,,,,,,,,,,,,,,,,,,,,,,,,,,,,,,,,,,,,,,,,,,,,,,,,,,,,,,,,,,,,,,,,,,
3/13/21,4432,775,3501,352,2313,473,114544,61686,53728,39461,,,,,,5644,5782,9284,7510,6285,6992,3793,2861,48311,2407,3100,6622,4775,3337,3210,2374,1601,,,,,,,,,47782,,475,16047,15196,20365,0,82,13682,7124,27417,2394,25639,24060,1931,20974,25405,13623,14472,,,,13890,10108,17293,11213,,,,12930,6874,1455,1867,1021,1361,1485,432,105,275,394,504,1192,1892,576,897,487,1679,775,525,370,2078,920,1000,1279,793,1807,609,1040,891,1,6,839,899,342,504,923,585,4,1349,2151,706,1015,1218,1634,232,1061,1483,776,695,1069,623,1258,846,1124,818,512,547,262,34,125,229,182,846,977,372,593,304,1131,362,246,178,1543,474,610,969,470,726,349,671,461,0,0,560,455,153,309,653,191,3,651,1691,254,677,449,520,147,406,1006,515,398,640,316,870
3/14/21,2341,265,1943,156,1799,211,116487,63485,53884,39672,,,,,,,,,,,,,,,,,,,,,,,,,,,,,,,,,,,,,,,,,,,,,,,,,,,,,,,,,,,,,,,,,,,,,,,,,,,,,,,,,,,,,,,,,,,,,,,,,,,,,,,,,,,,,,,,,,,,,,,,,,,,,,,,,,,,,,,,,,,,,,,,,,,,,,,,,,,,,,,,,,,
3/15/21,3546,926,2675,462,874,465,119162,64359,54346,40137,,,,,,,,,,,,,,,,,,,,,,,,,,,,,,,,,,,,,,,,,,,,,,,,,,,,,,,,,,,,,,,,,,,,,,,,,,,,,,,,,,,,,,,,,,,,,,,,,,,,,,,,,,,,,,,,,,,,,,,,,,,,,,,,,,,,,,,,,,,,,,,,,,,,,,,,,,,,,,,,,,,
3/16/21,4056,1023,2803,505,1254,520,121965,65613,54851,40657,190335,,,,,,,,,,,,,,,,,,,,,,,,,,,,,,,,,,,,,,,,,,,,,,,,,,,,,,,,,,,,,,,,,,,,,,,,,,,,,,,,,,,,,,,,,,,,,,,,,,,,,,,,,,,,,,,,,,,,,,,,,,,,,,,,,,,,,,,,,,,,,,,,,,,,,,,,,,,,,,,,,,
3/17/21,4565,995,3125,505,1449,491,125090,67062,55356,41148,,,,,,,,,,,,,,,,,,,,,,,,,,,,,,,,,,,,,,,,,,,,,,,,,,,,,,,,,,,,,,,,,,,,,,,,,,,,,,,,,,,,,,,,,,,,,,,,,,,,,,,,,,,,,,,,,,,,,,,,,,,,,,,,,,,,,,,,,,,,,,,,,,,,,,,,,,,,,,,,,,,
3/18/21,4562,951,3645,597,934,358,128735,67996,55953,41506,,,,,,,,,,,,,,,,,,,,,,,,,,,,,,,,,,,,,,,,,,,,,,,,,,,,,,,,,,,,,,,,,,,,,,,,,,,,,,,,,,,,,,,,,,,,,,,,,,,,,,,,,,,,,,,,,,,,,,,,,,,,,,,,,,,,,,,,,,,,,,,,,,,,,,,,,,,,,,,,,,,
3/19/21,4297,1028,3222,673,1604,408,131957,69600,56626,41914,,,,,,6029,6210,10083,8349,7121,7673,4408,3372,53398,2627,3376,7291,5351,3926,3621,2829,1944,,,,,,,,,,,,,,,,,,,31008,,,,,,,,,,,,,,,,,,,,,1618,2051,1069,1486,1608,488,119,311,466,572,1293,1979,668,1020,519,1811,837,595,454,2274,1015,1152,1358,922,1937,715,1197,945,1,7,988,1046,389,594,1001,631,5,1488,2316,800,1181,1309,1790,280,1192,1603,873,768,1206,719,1358,959,1273,858,584,613,302,43,144,281,221,925,1031,442,686,322,1231,406,296,231,1695,538,733,1015,568,801,417,792,493,0,0,674,549,187,363,713,219,3,736,1844,316,807,500,579,182,488,1110,590,449,736,378,956
3/20/21,4490,689,3531,422,1504,304,135488,71104,57048,42218,,,,,,,,,,,,,,,,,,,,,,,,,,,,,,,,,,,,,,,,,,,,,,,,,,,,,,,,,,,,,,,,,,,,,,,,,,,,,,,,,,,,,,,,,,,,,,,,,,,,,,,,,,,,,,,,,,,,,,,,,,,,,,,,,,,,,,,,,,,,,,,,,,,,,,,,,,,,,,,,,,,
3/21/21,2676,387,2122,201,1661,235,137610,72765,57249,42453,,,,,,,,,,,,,,,,,,,,,,,,,,,,,,,,,,,,,,,,,,,,,,,,,,,,,,,,,,,,,,,,,,,,,,,,,,,,,,,,,,,,,,,,,,,,,,,,,,,,,,,,,,,,,,,,,,,,,,,,,,,,,,,,,,,,,,,,,,,,,,,,,,,,,,,,,,,,,,,,,,,
3/22/21,4067,775,2507,515,1631,365,140117,74396,57764,42818,,,,,,,,,,,,,,,,,,,,,,,,,,,,,,,,,,,,,,,,,,,,,,,,,,,,,,,,,,,,,,,,,,,,,,,,,,,,,,,,,,,,,,,,,,,,,,,,,,,,,,,,,,,,,,,,,,,,,,,,,,,,,,,,,,,,,,,,,,,,,,,,,,,,,,,,,,,,,,,,,,,
3/23/21,4958,780,2678,456,2340,350,142795,76736,58220,43168,,,,,,,,,,,,,,,,,,,,,,,,,,,,,,,,,,,,,,,,,,,,,,,,,,,,,,,,,,,,,,,,,,,,,,,,,,,,,,,,,,,,,,,,,,,,,,,,,,,,,,,,,,,,,,,,,,,,,,,,,,,,,,,,,,,,,,,,,,,,,,,,,,,,,,,,,,,,,,,,,,,
3/24/21,5118,997,2684,519,2479,528,145479,79215,58739,43696,,,,,,,,,,,,,,,,,,,,,,,,,,,,,,,,,,,,,,,,,,,,,,,,,,,,,,,,,,,,,,,,,,,,,,,,,,,,,,,,,,,,,,,,,,,,,,,,,,,,,,,,,,,,,,,,,,,,,,,,,,,,,,,,,,,,,,,,,,,,,,,,,,,,,,,,,,,,,,,,,,,
3/25/21,6675,1268,3716,607,3077,740,149195,82292,59346,44436,,,,,,,,,,,,,,,,,,,,,,,,,,,,,,,,,,,,,,,,,,,,,,,,,,,,,,,,,,,,,,,,,,,,,,,,,,,,,,,,,,,,,,,,,,,,,,,,,,,,,,,,,,,,,,,,,,,,,,,,,,,,,,,,,,,,,,,,,,,,,,,,,,,,,,,,,,,,,,,,,,,
3/26/21,7045,1294,4426,670,3248,710,153621,85540,60016,45146,,328990,55780,280733,11728,7441,7627,12182,10714,9466,10094,5660,4393,69037,2924,3757,8058,6002,4554,4101,3362,2348,,,,,,,,,53433,,876,27267,21063,18311,0,137,19897,13144,35122,4111,43200,20218,3269,44677,20460,22979,22347,,,,14593,7610,27165,21913,,,,13841,5387,2160,2483,1233,1876,2019,645,148,414,640,756,1603,2453,898,1294,636,2151,996,779,600,2739,1390,1517,1515,1160,2495,935,1605,1128,3,12,1315,1489,469,749,1193,789,5,1982,2813,1112,1479,1596,2476,343,1539,1909,1188,1050,1595,1018,1666,1074,1423,904,672,707,362,49,183,349,280,1049,1114,551,798,347,1361,481,340,275,1858,607,854,1059,665,908,511,920,536,0,0,823,651,217,425,769,258,3,868,2025,389,936,551,651,207,552,1215,669,499,878,462,1040
3/27/21,5365,818,3325,484,2535,433,156946,88075,60500,45579,,,,,,,,,,,,,,,,,,,,,,,,,,,,,,,,,,,,,,,,,,,,,,,,,,,,,,,,,,,,,,,,,,,,,,,,,,,,,,,,,,,,,,,,,,,,,,,,,,,,,,,,,,,,,,,,,,,,,,,,,,,,,,,,,,,,,,,,,,,,,,,,,,,,,,,,,,,,,,,,,,,
3/28/21,2834,762,2137,629,1152,182,159083,89227,61129,45761,,,,,,,,,,,,,,,,,,,,,,,,,,,,,,,,,,,,,,,,,,,,,,,,,,,,,,,,,,,,,,,,,,,,,,,,,,,,,,,,,,,,,,,,,,,,,,,,,,,,,,,,,,,,,,,,,,,,,,,,,,,,,,,,,,,,,,,,,,,,,,,,,,,,,,,,,,,,,,,,,,,
3/29/21,5809,972,3097,592,2839,400,162180,92066,61721,46161,,,,,,,,,,,,,,,,,,,,,,,,,,,,,,,,,,,,,,,,,,,,,,,,,,,,,,,,,,,,,,,,,,,,,,,,,,,,,,,,,,,,,,,,,,,,,,,,,,,,,,,,,,,,,,,,,,,,,,,,,,,,,,,,,,,,,,,,,,,,,,,,,,,,,,,,,,,,,,,,,,,
3/30/21,5899,1213,3233,862,3154,432,165413,95220,62583,46593,,,,,,,,,,,,,,,,,,,,,,,,,,,,,,,,,,,,,,,,,,,,,,,,,,,,,,,,,,,,,,,,,,,,,,,,,,,,,,,,,,,,,,,,,,,,,,,,,,,,,,,,,,,,,,,,,,,,,,,,,,,,,,,,,,,,,,,,,,,,,,,,,,,,,,,,,,,,,,,,,,,
3/31/21,7473,1675,4637,1144,3012,566,170050,98232,63727,47159,,,,,,,,,,,,,,,,,,,,,,,,,,,,,,,,,,,,,,,,,,,,,,,,,,,,,,,,,,,,,,,,,,,,,,,,,,,,,,,,,,,,,,,,,,,,,,,,,,,,,,,,,,,,,,,,,,,,,,,,,,,,,,,,,,,,,,,,,,,,,,,,,,,,,,,,,,,,,,,,,,,
4/1/21,8141,1580,4880,1120,4009,569,174930,102241,64847,47728,,,,,,,,,,,,,,,,,,,,,,,,,,,,,,,,,,,,,,,,,,,,,,,,,,,,,,,,,,,,,,,,,,,,,,,,,,,,,,,,,,,,,,,,,,,,,,,,,,,,,,,,,,,,,,,,,,,,,,,,,,,,,,,,,,,,,,,,,,,,,,,,,,,,,,,,,,,,,,,,,,,
4/2/21,6420,1275,3729,957,2890,356,178659,105131,65804,48084,,356040,65700,317925,25505,9450,9157,14455,13388,12445,13539,7552,5774,87442,3303,4083,8735,6784,5130,4659,3996,2814,,,,,,,,,56666,,966,34392,23583,17126,0,396,27096,19551,39540,5000,44556,26523,4410,57708,24472,26073,22971,,,,12127,14908,33629,29139,,,,16286,7536,2748,2942,1373,2494,2621,803,188,556,874,1001,1940,3007,1283,1643,717,2485,1160,1106,796,3226,1933,1939,1691,1502,3227,1273,1978,1330,5,21,1726,1971,565,985,1463,988,10,2614,3359,1605,1960,2132,3366,438,2048,2234,1521,1465,2067,1335,2076,1225,1563,950,781,842,408,56,223,425,309,1156,1212,692,876,368,1444,547,400,319,2012,671,1001,1107,784,1028,620,1019,577,0,0,972,758,246,510,878,295,5,1019,2186,474,1104,635,725,254,617,1282,728,582,1035,544,1115
4/3/21,5071,876,3069,715,3002,233,181728,108133,66519,48317,,,,,,,,,,,,,,,,,,,,,,,,,,,,,,,,,,,,,,,,,,,,,,,,,,,,,,,,,,,,,,,,,,,,,,,,,,,,,,,,,,,,,,,,,,,,,,,,,,,,,,,,,,,,,,,,,,,,,,,,,,,,,,,,,,,,,,,,,,,,,,,,,,,,,,,,,,,,,,,,,,,
4/4/21,1118,542,811,502,371,54,182539,108504,67021,48371,,,,,,,,,,,,,,,,,,,,,,,,,,,,,,,,,,,,,,,,,,,,,,,,,,,,,,,,,,,,,,,,,,,,,,,,,,,,,,,,,,,,,,,,,,,,,,,,,,,,,,,,,,,,,,,,,,,,,,,,,,,,,,,,,,,,,,,,,,,,,,,,,,,,,,,,,,,,,,,,,,,
4/5/21,6380,1379,3953,1053,2911,481,186492,111415,68074,48852,,,,,,,,,,,,,,,,,,,,,,,,,,,,,,,,,,,,,,,,,,,,,,,,,,,,,,,,,,,,,,,,,,,,,,,,,,,,,,,,,,,,,,,,,,,,,,,,,,,,,,,,,,,,,,,,,,,,,,,,,,,,,,,,,,,,,,,,,,,,,,,,,,,,,,,,,,,,,,,,,,,
4/6/21,6431,1665,3990,1221,3324,653,190482,114739,69295,49505,,,,,,,,,,,,,,,,,,,,,,,,,,,,,,,,,,,,,,,,,,,,,,,,,,,,,,,,,,,,,,,,,,,,,,,,,,,,,,,,,,,,,,,,,,,,,,,,,,,,,,,,,,,,,,,,,,,,,,,,,,,,,,,,,,,,,,,,,,,,,,,,,,,,,,,,,,,,,,,,,,,
4/7/21,8018,1653,5063,1186,4201,799,195545,118940,70481,50304,,,,,,,,,,,,,,,,,,,,,,,,,,,,,,,,,,,,,,,,,,,,,,,,,,,,,,,,,,,,,,,,,,,,,,,,,,,,,,,,,,,,,,,,,,,,,,,,,,,,,,,,,,,,,,,,,,,,,,,,,,,,,,,,,,,,,,,,,,,,,,,,,,,,,,,,,,,,,,,,,,,
4/8/21,8321,1605,5211,1192,4368,745,200756,123308,71673,51049,,,,,,,,,,,,,,,,,,,,,,,,,,,,,,,,,,,,,,,,,,,,,,,,,,,,,,,,,,,,,,,,,,,,,,,,,,,,,,,,,,,,,,,,,,,,,,,,,,,,,,,,,,,,,,,,,,,,,,,,,,,,,,,,,,,,,,,,,,,,,,,,,,,,,,,,,,,,,,,,,,,
4/9/21,8830,1788,6256,1286,3926,808,207012,127234,72959,51857,,389740,97550,360162,32884,11602,11070,16478,15835,14989,17174,9262,7593,105671,3517,4223,8977,7167,5459,4906,4340,3082,,,,,,,,,57893,,1145,37741,23865,16339,0,765,35566,25391,41554,6005,42969,30127,5615,67640,30027,27739,21578,,,,9083,20701,38666,34092,,,,19090,11434,3338,3382,1547,3199,3164,1080,215,755,1082,1293,2247,3639,1579,1908,814,2902,1386,1423,1116,3589,2513,2292,1827,1783,4053,1584,2242,1581,8,30,2126,2439,736,1258,1691,1241,13,3328,3764,1999,2419,2709,4265,556,2609,2619,1751,1770,2447,1647,2486,1307,1619,972,825,917,442,58,245,473,337,1202,1263,769,940,379,1485,568,422,353,2053,709,1071,1118,842,1073,683,1054,601,1,0,1036,814,278,551,930,324,6,1074,2231,526,1195,674,766,278,658,1318,768,621,1107,587,1148
4/10/21,5650,1120,3603,778,2827,542,210615,130061,73737,52399,,,,,,,,,,,,,,,,,,,,,,,,,,,,,,,,,,,,,,,,,,,,,,,,,,,,,,,,,,,,,,,,,,,,,,,,,,,,,,,,,,,,,,,,,,,,,,,,,,,,,,,,,,,,,,,,,,,,,,,,,,,,,,,,,,,,,,,,,,,,,,,,,,,,,,,,,,,,,,,,,,,
4/11/21,2107,662,1657,554,1204,283,212272,131265,74291,52682,,,,,,,,,,,,,,,,,,,,,,,,,,,,,,,,,,,,,,,,,,,,,,,,,,,,,,,,,,,,,,,,,,,,,,,,,,,,,,,,,,,,,,,,,,,,,,,,,,,,,,,,,,,,,,,,,,,,,,,,,,,,,,,,,,,,,,,,,,,,,,,,,,,,,,,,,,,,,,,,,,,
4/12/21,8134,1431,5464,976,3090,582,217736,134355,75267,53264,,,,,,,,,,,,,,,,,,,,,,,,,,,,,,,,,,,,,,,,,,,,,,,,,,,,,,,,,,,,,,,,,,,,,,,,,,,,,,,,,,,,,,,,,,,,,,,,,,,,,,,,,,,,,,,,,,,,,,,,,,,,,,,,,,,,,,,,,,,,,,,,,,,,,,,,,,,,,,,,,,,
4/13/21,8064,1387,5488,924,2586,472,223224,136941,76191,53736,,,,,,,,,,,,,,,,,,,,,,,,,,,,,,,,,,,,,,,,,,,,,,,,,,,,,,,,,,,,,,,,,,,,,,,,,,,,,,,,,,,,,,,,,,,,,,,,,,,,,,,,,,,,,,,,,,,,,,,,,,,,,,,,,,,,,,,,,,,,,,,,,,,,,,,,,,,,,,,,,,,
4/14/21,8754,1650,6148,1250,2609,403,229372,139550,77441,54139,,,,,,,,,,,,,,,,,,,,,,,,,,,,,,,,,,,,,,,,,,,,,,,,,,,,,,,,,,,,,,,,,,,,,,,,,,,,,,,,,,,,,,,,,,,,,,,,,,,,,,,,,,,,,,,,,,,,,,,,,,,,,,,,,,,,,,,,,,,,,,,,,,,,,,,,,,,,,,,,,,,
4/15/21,8372,1586,5089,1125,3291,463,234461,142841,78566,54602,,,,,,,,,,,,,,,,,,,,,,,,,,,,,,,,,,,,,,,,,,,,,,,,,,,,,,,,,,,,,,,,,,,,,,,,,,,,,,,,,,,,,,,,,,,,,,,,,,,,,,,,,,,,,,,,,,,,,,,,,,,,,,,,,,,,,,,,,,,,,,,,,,,,,,,,,,,,,,,,,,,
4/16/21,8833,1769,6072,1351,2762,419,240533,145603,79917,55021,,462810,119640,390784,31216,12935,12692,16930,16561,15724,18774,9460,7774,111428,3482,4081,8612,7009,5434,4652,4266,2934,,,,,,,,,59433,,1836,49670,30360,19007,0,839,42465,27385,40426,8288,55918,36680,6210,70989,33924,36222,26717,,,,8745,29202,42152,35143,,,,19359,14469,3533,3495,1584,3419,3565,1119,226,774,1121,1434,2336,4046,1569,1965,802,3131,1524,1657,1154,3622,2685,2344,1808,1826,4583,1645,2253,1754,9,33,2040,2606,768,1348,1755,1431,12,3867,3802,2125,2430,3016,4494,575,2833,2733,1736,1841,2565,1745,2669,1297,1570,964,796,921,426,58,233,470,341,1127,1234,728,960,358,1415,521,397,332,1955,680,1002,1086,835,1057,672,1018,588,1,0,977,796,271,533,930,330,5,1016,2125,523,1162,665,713,278,671,1282,752,622,1069,573,1079
4/17/21,6051,1090,3853,787,2199,306,244386,147802,80704,55327,,,,,,,,,,,,,,,,,,,,,,,,,,,,,,,,,,,,,,,,,,,,,,,,,,,,,,,,,,,,,,,,,,,,,,,,,,,,,,,,,,,,,,,,,,,,,,,,,,,,,,,,,,,,,,,,,,,,,,,,,,,,,,,,,,,,,,,,,,,,,,,,,,,,,,,,,,,,,,,,,,,
4/18/21,2499,653,1429,374,1070,279,245815,148872,81078,55606,,,,,,,,,,,,,,,,,,,,,,,,,,,,,,,,,,,,,,,,,,,,,,,,,,,,,,,,,,,,,,,,,,,,,,,,,,,,,,,,,,,,,,,,,,,,,,,,,,,,,,,,,,,,,,,,,,,,,,,,,,,,,,,,,,,,,,,,,,,,,,,,,,,,,,,,,,,,,,,,,,,
4/19/21,5627,1256,3323,801,2306,455,249138,151178,81879,56061,,,,,,,,,,,,,,,,,,,,,,,,,,,,,,,,,,,,,,,,,,,,,,,,,,,,,,,,,,,,,,,,,,,,,,,,,,,,,,,,,,,,,,,,,,,,,,,,,,,,,,,,,,,,,,,,,,,,,,,,,,,,,,,,,,,,,,,,,,,,,,,,,,,,,,,,,,,,,,,,,,,
4/20/21,4985,1375,2903,696,2083,679,252041,153261,82575,56740,,,,,,,,,,,,,,,,,,,,,,,,,,,,,,,,,,,,,,,,,,,,,,,,,,,,,,,,,,,,,,,,,,,,,,,,,,,,,,,,,,,,,,,,,,,,,,,,,,,,,,,,,,,,,,,,,,,,,,,,,,,,,,,,,,,,,,,,,,,,,,,,,,,,,,,,,,,,,,,,,,,
4/21/21,6772,1590,3769,841,3004,749,255810,156265,83416,57489,,,,,,,,,,,,,,,,,,,,,,,,,,,,,,,,,,,,,,,,,,,,,,,,,,,,,,,,,,,,,,,,,,,,,,,,,,,,,,,,,,,,,,,,,,,,,,,,,,,,,,,,,,,,,,,,,,,,,,,,,,,,,,,,,,,,,,,,,,,,,,,,,,,,,,,,,,,,,,,,,,,
4/22/21,7556,1595,3982,789,3574,806,259792,159839,84205,58295,,,,,,,,,,,,,,,,,,,,,,,,,,,,,,,,,,,,,,,,,,,,,,,,,,,,,,,,,,,,,,,,,,,,,,,,,,,,,,,,,,,,,,,,,,,,,,,,,,,,,,,,,,,,,,,,,,,,,,,,,,,,,,,,,,,,,,,,,,,,,,,,,,,,,,,,,,,,,,,,,,,
4/23/21,7185,1456,3817,713,3368,744,263609,163207,84918,59039,,468320,139200,419445,77893,16670,15975,21115,21151,20412,24733,12285,10038,143133,4035,4619,9280,7968,6283,5433,4999,3529,,,,,,,,,60463,,2208,52352,25873,14188,0,1423,56565,38463,46275,8621,50938,35066,8420,91090,43219,35075,21718,,,,5073,32759,53752,45183,,,,23010,20784,4586,4362,1890,4384,4640,1427,281,1013,1487,1886,2927,5158,2111,2465,991,3849,1928,2240,1487,4463,3492,3072,2138,2357,5968,2179,2962,2252,13,38,2701,3427,914,1771,2101,1877,20,5238,4801,2831,3068,3849,5944,719,3656,3415,2222,2422,3348,2314,3492,1463,1739,1009,949,1114,498,63,299,565,399,1281,1388,899,1095,402,1569,628,479,397,2133,787,1205,1142,981,1211,794,1189,657,1,0,1174,942,302,644,1015,389,6,1212,2326,632,1324,757,849,320,765,1397,848,714,1288,690,1203
4/24/21,5887,1430,3074,770,2813,660,266683,166020,85688,59699,,,,,,,,,,,,,,,,,,,,,,,,,,,,,,,,,,,,,,,,,,,,,,,,,,,,,,,,,,,,,,,,,,,,,,,,,,,,,,,,,,,,,,,,,,,,,,,,,,,,,,,,,,,,,,,,,,,,,,,,,,,,,,,,,,,,,,,,,,,,,,,,,,,,,,,,,,,,,,,,,,,
4/25/21,3610,1204,2127,704,1486,501,268810,167506,86392,60200,,,,,,,,,,,,,,,,,,,,,,,,,,,,,,,,,,,,,,,,,,,,,,,,,,,,,,,,,,,,,,,,,,,,,,,,,,,,,,,,,,,,,,,,,,,,,,,,,,,,,,,,,,,,,,,,,,,,,,,,,,,,,,,,,,,,,,,,,,,,,,,,,,,,,,,,,,,,,,,,,,,
4/26/21,5712,1123,2540,545,3173,581,271350,170679,86937,60781,,,,,,,,,,,,,,,,,,,,,,,,,,,,,,,,,,,,,,,,,,,,,,,,,,,,,,,,,,,,,,,,,,,,,,,,,,,,,,,,,,,,,,,,,,,,,,,,,,,,,,,,,,,,,,,,,,,,,,,,,,,,,,,,,,,,,,,,,,,,,,,,,,,,,,,,,,,,,,,,,,,
4/27/21,4319,1018,2036,491,2317,538,273386,172996,87428,61319,,,,,,,,,,,,,,,,,,,,,,,,,,,,,,,,,,,,,,,,,,,,,,,,,,,,,,,,,,,,,,,,,,,,,,,,,,,,,,,,,,,,,,,,,,,,,,,,,,,,,,,,,,,,,,,,,,,,,,,,,,,,,,,,,,,,,,,,,,,,,,,,,,,,,,,,,,,,,,,,,,,
4/28/21,6019,1481,2150,660,3906,844,275536,176902,88088,62163,,,,,,,,,,,,,,,,,,,,,,,,,,,,,,,,,,,,,,,,,,,,,,,,,,,,,,,,,,,,,,,,,,,,,,,,,,,,,,,,,,,,,,,,,,,,,,,,,,,,,,,,,,,,,,,,,,,,,,,,,,,,,,,,,,,,,,,,,,,,,,,,,,,,,,,,,,,,,,,,,,,
4/29/21,7233,1506,3039,718,4246,820,278575,181148,88806,62983,,,,,,,,,,,,,,,,,,,,,,,,,,,,,,,,,,,,,,,,,,,,,,,,,,,,,,,,,,,,,,,,,,,,,,,,,,,,,,,,,,,,,,,,,,,,,,,,,,,,,,,,,,,,,,,,,,,,,,,,,,,,,,,,,,,,,,,,,,,,,,,,,,,,,,,,,,,,,,,,,,,
4/30/21,6391,1547,2645,749,3791,821,281220,184939,89555,63804,,504060,231940,441173,92558,18848,18126,23267,23153,22168,27103,13452,11040,158029,4168,4688,9576,8182,6478,5570,5188,3683,,,,,,,,,61357,,2824,55996,26130,13914,0,1708,64849,43493,47443,9494,55463,33916,10152,100892,46452,35125,22926,,,,26895,13927,57257,47146,,,,36196,16897,5045,4854,2018,4926,5309,1567,296,1141,1696,2092,3236,5843,2294,2635,1145,4287,2262,2452,1647,4903,3784,3317,2252,2605,6828,2385,3207,2551,14,40,2914,3807,994,1934,2274,2167,23,5825,5245,3125,3332,4266,6476,782,3993,3776,2370,2618,3712,2561,3721,1507,1759,1015,979,1175,522,63,319,597,413,1295,1422,928,1129,405,1587,639,495,419,2150,809,1233,1145,1018,1241,832,1225,670,1,0,1205,984,313,674,1035,410,6,1243,2349,660,1368,767,876,333,787,1414,874,734,1331,731,1211
5/1/21,3614,897,1786,519,1969,424,283006,186908,90074,64228,,,,,,,,,,,,,,,,,,,,,,,,,,,,,,,,,,,,,,,,,,,,,,,,,,,,,,,,,,,,,,,,,,,,,,,,,,,,,,,,,,,,,,,,,,,,,,,,,,,,,,,,,,,,,,,,,,,,,,,,,,,,,,,,,,,,,,,,,,,,,,,,,,,,,,,,,,,,,,,,,,,
5/2/21,1354,518,543,268,905,284,283549,187813,90342,64512,,,,,,,,,,,,,,,,,,,,,,,,,,,,,,,,,,,,,,,,,,,,,,,,,,,,,,,,,,,,,,,,,,,,,,,,,,,,,,,,,,,,,,,,,,,,,,,,,,,,,,,,,,,,,,,,,,,,,,,,,,,,,,,,,,,,,,,,,,,,,,,,,,,,,,,,,,,,,,,,,,,
5/3/21,5991,1105,1199,386,4905,758,284748,192718,90728,65270,,,,,,,,,,,,,,,,,,,,,,,,,,,,,,,,,,,,,,,,,,,,,,,,,,,,,,,,,,,,,,,,,,,,,,,,,,,,,,,,,,,,,,,,,,,,,,,,,,,,,,,,,,,,,,,,,,,,,,,,,,,,,,,,,,,,,,,,,,,,,,,,,,,,,,,,,,,,,,,,,,,
5/4/21,5626,1285,1196,474,4489,852,285944,197207,91202,66122,,,,,,,,,,,,,,,,,,,,,,,,,,,,,,,,,,,,,,,,,,,,,,,,,,,,,,,,,,,,,,,,,,,,,,,,,,,,,,,,,,,,,,,,,,,,,,,,,,,,,,,,,,,,,,,,,,,,,,,,,,,,,,,,,,,,,,,,,,,,,,,,,,,,,,,,,,,,,,,,,,,
5/5/21,5724,1212,1412,508,4372,742,287356,201579,91710,66864,,,,,,,,,,,,,,,,,,,,,,,,,,,,,,,,,,,,,,,,,,,,,,,,,,,,,,,,,,,,,,,,,,,,,,,,,,,,,,,,,,,,,,,,,,,,,,,,,,,,,,,,,,,,,,,,,,,,,,,,,,,,,,,,,,,,,,,,,,,,,,,,,,,,,,,,,,,,,,,,,,,
5/6/21,5807,1266,1441,554,4532,831,288797,206111,92264,67695,,535280,248920,455186,104673,20573,19887,24726,24461,23414,29177,14258,11731,169203,4246,4744,9623,8304,6616,5655,5325,3801,,,,,,,,,62048,,3053,55346,25614,13831,0,1943,71390,47056,48217,9806,55552,32493,11524,107528,49559,34145,23033,,,,27364,13309,61826,50175,,,,38268,18342,5335,5254,2110,5370,5877,1653,312,1240,1802,2237,3460,6341,2427,2735,1236,4646,2520,2626,1744,5161,3961,3470,2308,2758,7468,2545,3387,2779,15,41,3064,4062,1060,2055,2370,2370,25,6373,5516,3328,3512,4612,6953,815,4232,4005,2478,2735,3970,2749,3962,1538,1771,1018,995,1210,538,65,331,616,425,1306,1431,952,1149,408,1602,645,502,433,2160,823,1253,1146,1044,1266,857,1244,680,1,0,1230,1007,328,701,1040,425,6,1257,2355,680,1397,780,904,339,810,1417,891,746,1352,755,1215
5/7/21,5813,1263,1137,509,4733,781,289934,210844,92773,68476,,,,,,,,,,,,,,,,,,,,,,,,,,,,,,,,,,,,,,,,,,,,,,,,,,,,,,,,,,,,,,,,,,,,,,,,,,,,,,,,,,,,,,,,,,,,,,,,,,,,,,,,,,,,,,,,,,,,,,,,,,,,,,,,,,,,,,,,,,,,,,,,,,,,,,,,,,,,,,,,,,,
5/8/21,3902,706,944,306,3007,420,290878,213851,93079,68896,,,,,,,,,,,,,,,,,,,,,,,,,,,,,,,,,,,,,,,,,,,,,,,,,,,,,,,,,,,,,,,,,,,,,,,,,,,,,,,,,,,,,,,,,,,,,,,,,,,,,,,,,,,,,,,,,,,,,,,,,,,,,,,,,,,,,,,,,,,,,,,,,,,,,,,,,,,,,,,,,,,
5/9/21,1306,293,378,183,971,123,291256,214822,93262,69019,,,,,,,,,,,,,,,,,,,,,,,,,,,,,,,,,,,,,,,,,,,,,,,,,,,,,,,,,,,,,,,,,,,,,,,,,,,,,,,,,,,,,,,,,,,,,,,,,,,,,,,,,,,,,,,,,,,,,,,,,,,,,,,,,,,,,,,,,,,,,,,,,,,,,,,,,,,,,,,,,,,
5/10/21,3638,631,864,255,2841,409,292120,217663,93517,69428,,,,,,,,,,,,,,,,,,,,,,,,,,,,,,,,,,,,,,,,,,,,,,,,,,,,,,,,,,,,,,,,,,,,,,,,,,,,,,,,,,,,,,,,,,,,,,,,,,,,,,,,,,,,,,,,,,,,,,,,,,,,,,,,,,,,,,,,,,,,,,,,,,,,,,,,,,,,,,,,,,,
5/11/21,4189,774,1374,393,2941,415,293494,220604,93910,69843,,,,,,,,,,,,,,,,,,,,,,,,,,,,,,,,,,,,,,,,,,,,,,,,,,,,,,,,,,,,,,,,,,,,,,,,,,,,,,,,,,,,,,,,,,,,,,,,,,,,,,,,,,,,,,,,,,,,,,,,,,,,,,,,,,,,,,,,,,,,,,,,,,,,,,,,,,,,,,,,,,,
5/12/21,5057,1051,1200,420,3950,688,294694,224554,94330,70531,,,,,,,,,,,,,,,,,,,,,,,,,,,,,,,,,,,,,,,,,,,,,,,,,,,,,,,,,,,,,,,,,,,,,,,,,,,,,,,,,,,,,,,,,,,,,,,,,,,,,,,,,,,,,,,,,,,,,,,,,,,,,,,,,,,,,,,,,,,,,,,,,,,,,,,,,,,,,,,,,,,
5/13/21,6056,1100,2098,453,4009,681,296792,228563,94783,71212,,,,,,,,,,,,,,,,,,,,,,,,,,,,,,,,,,,,,,,,,,,,,,,,,,,,,,,,,,,,,,,,,,,,,,,,,,,,,,,,,,,,,,,,,,,,,,,,,,,,,,,,,,,,,,,,,,,,,,,,,,,,,,,,,,,,,,,,,,,,,,,,,,,,,,,,,,,,,,,,,,,
5/14/21,6675,1278,1877,565,4847,747,298669,233410,95348,71959,,537280,254030,473460,123849,25833,24889,30014,29543,27538,36951,16819,13778,206679,4670,5255,10907,8450,7114,6427,5870,4181,,,,,,,,,63475,295,3076,44184,20703,9707,2,2747,92754,56585,53768,8998,44806,24168,14927,133259,57673,27279,19895,,,,19417,11381,75066,57681,,,,51210,21902,6560,6534,2562,6839,7615,1949,362,1468,2129,2742,4216,7989,2871,3124,1527,5724,3258,3332,2086,6095,4837,4062,2701,3233,9253,3024,3897,3506,19,56,3588,4928,1251,2385,2812,2952,34,8428,6650,4059,4091,5560,8801,936,4984,4923,2814,3237,4941,3293,4997,1770,1971,1161,1116,1317,595,73,363,659,452,1481,1594,1054,1251,447,1784,722,576,505,2441,933,1368,1319,1117,1393,952,1304,754,1,1,1384,1140,346,748,1205,462,8,1444,2674,755,1569,832,1008,357,873,1644,947,815,1505,864,1409
5/15/21,4593,919,1530,433,3098,501,300199,236508,95781,72460,,,,,,,,,,,,,,,,,,,,,,,,,,,,,,,,,,,,,,,,,,,,,,,,,,,,,,,,,,,,,,,,,,,,,,,,,,,,,,,,,,,,,,,,,,,,,,,,,,,,,,,,,,,,,,,,,,,,,,,,,,,,,,,,,,,,,,,,,,,,,,,,,,,,,,,,,,,,,,,,,,,
5/16/21,2081,595,683,230,1454,379,300882,237962,96011,72839,,,,,,,,,,,,,,,,,,,,,,,,,,,,,,,,,,,,,,,,,,,,,,,,,,,,,,,,,,,,,,,,,,,,,,,,,,,,,,,,,,,,,,,,,,,,,,,,,,,,,,,,,,,,,,,,,,,,,,,,,,,,,,,,,,,,,,,,,,,,,,,,,,,,,,,,,,,,,,,,,,,
5/17/21,4559,1133,1597,492,3014,668,302479,240976,96503,73507,,,,,,,,,,,,,,,,,,,,,,,,,,,,,,,,,,,,,,,,,,,,,,,,,,,,,,,,,,,,,,,,,,,,,,,,,,,,,,,,,,,,,,,,,,,,,,,,,,,,,,,,,,,,,,,,,,,,,,,,,,,,,,,,,,,,,,,,,,,,,,,,,,,,,,,,,,,,,,,,,,,
5/18/21,3829,1049,1281,467,2599,610,303760,243575,96970,74117,,,,,,,,,,,,,,,,,,,,,,,,,,,,,,,,,,,,,,,,,,,,,,,,,,,,,,,,,,,,,,,,,,,,,,,,,,,,,,,,,,,,,,,,,,,,,,,,,,,,,,,,,,,,,,,,,,,,,,,,,,,,,,,,,,,,,,,,,,,,,,,,,,,,,,,,,,,,,,,,,,,
5/19/21,4088,1091,1420,462,2748,666,305180,246323,97432,74783,,,,,,,,,,,,,,,,,,,,,,,,,,,,,,,,,,,,,,,,,,,,,,,,,,,,,,,,,,,,,,,,,,,,,,,,,,,,,,,,,,,,,,,,,,,,,,,,,,,,,,,,,,,,,,,,,,,,,,,,,,,,,,,,,,,,,,,,,,,,,,,,,,,,,,,,,,,,,,,,,,,
5/20/21,3865,888,1106,330,2821,592,306286,249144,97762,75375,,,,,,,,,,,,,,,,,,,,,,,,,,,,,,,,,,,,,,,,,,,,,,,,,,,,,,,,,,,,,,,,,,,,,,,,,,,,,,,,,,,,,,,,,,,,,,,,,,,,,,,,,,,,,,,,,,,,,,,,,,,,,,,,,,,,,,,,,,,,,,,,,,,,,,,,,,,,,,,,,,,
5/21/21,3914,1004,1311,430,2714,633,307597,251858,98192,76008,,570200,289090,506470,161191,30105,28773,33315,32753,30550,42122,18410,14852,232472,4904,5440,11248,9874,7354,6670,6119,4332,,,,,,,,,64017,2204,,,,8189,1,,,,55828,,,,,,,,,,,,,,,,,,,,,7343,7319,2811,7924,8985,2070,396,1615,2342,3084,4789,9239,3149,3388,1742,6491,3916,3746,2294,6593,5503,4472,2898,3521,10670,3335,4256,4131,21,57,3889,5482,1335,2543,3110,3469,40,9582,7331,4606,4442,6332,10165,986,5616,5539,3065,3575,5559,3634,5603,1850,2024,1206,1142,1375,612,76,377,688,467,1535,1690,1098,1295,456,1838,754,599,526,2500,977,1417,1382,1151,1448,1001,1333,789,1,1,1438,1176,354,766,1280,485,9,1509,2759,795,1643,867,1043,369,897,1701,984,833,1585,893,1450
5/22/21,2530,813,1140,445,1435,394,308737,253293,98637,76402,,,,,,,,,,,,,,,,,,,,,,,,,,,,,,,,,,,,,,,,,,,,,,,,,,,,,,,,,,,,,,,,,,,,,,,,,,,,,,,,,,,,,,,,,,,,,,,,,,,,,,,,,,,,,,,,,,,,,,,,,,,,,,,,,,,,,,,,,,,,,,,,,,,,,,,,,,,,,,,,,,,
5/23/21,1337,420,422,158,983,290,309159,254276,98795,76692,,572170,295940,508741,166571,30710,29178,33749,33701,31233,42884,18839,15151,237055,4934,5457,11269,9923,7390,6703,6153,4359,,,,,,,,,64129,2673,3046,30530,15932,8054,2,3770,111916,64305,56075,7736,33443,19066,18582,153422,64068,19330,16749,2591,171,89,12371,8944,87903,65087,9086,866,321,47601,25208,7544,7426,2852,8038,9231,2098,406,1667,2406,3165,4843,9377,3250,3447,1756,6564,3987,3824,2370,6665,5620,4599,2915,3606,10833,3414,4344,4213,21,57,3944,5651,1353,2591,3179,3547,40,9735,7426,4730,4519,6404,10368,999,5734,5600,3110,3659,5781,3779,5693,1860,2030,1208,1146,1387,615,76,380,691,470,1536,1699,1106,1297,456,1842,757,606,530,2503,985,1424,1383,1163,1450,1005,1340,789,1,1,1444,1185,359,771,1283,490,9,1516,2766,802,1648,871,1047,369,901,1705,986,839,1595,904,1454
5/24/21,2543,580,1003,279,1582,328,310162,255858,99074,77020,,,,,,,,,,,,,,,,,,,,,,,,,,,,,,,,,,,,,,,,,,,,,,,,,,,,,,,,,,,,,,,,,,,,,,,,,,,,,,,,,,,,,,,,,,,,,,,,,,,,,,,,,,,,,,,,,,,,,,,,,,,,,,,,,,,,,,,,,,,,,,,,,,,,,,,,,,,,,,,,,,,
5/25/21,1917,584,860,254,1113,356,311022,256971,99328,77376,,,,,,,,,,,,,,,,,,,,,,,,,,,,,,,,,,,,,,,,,,,,,,,,,,,,,,,,,,,,,,,,,,,,,,,,,,,,,,,,,,,,,,,,,,,,,,,,,,,,,,,,,,,,,,,,,,,,,,,,,,,,,,,,,,,,,,,,,,,,,,,,,,,,,,,,,,,,,,,,,,,
5/26/21,2136,539,973,249,1207,306,311995,258178,99577,77682,,,,,,,,,,,,,,,,,,,,,,,,,,,,,,,,,,,,,,,,,,,,,,,,,,,,,,,,,,,,,,,,,,,,,,,,,,,,,,,,,,,,,,,,,,,,,,,,,,,,,,,,,,,,,,,,,,,,,,,,,,,,,,,,,,,,,,,,,,,,,,,,,,,,,,,,,,,,,,,,,,,
5/27/21,2075,624,859,358,1287,418,312854,259465,99935,78100,,,,,,,,,,,,,,,,,,,,,,,,,,,,,,,,,,,,,,,,,,,,,,,,,,,,,,,,,,,,,,,,,,,,,,,,,,,,,,,,,,,,,,,,,,,,,,,,,,,,,,,,,,,,,,,,,,,,,,,,,,,,,,,,,,,,,,,,,,,,,,,,,,,,,,,,,,,,,,,,,,,
5/28/21,2025,543,915,241,1165,316,313769,260630,100176,78416,,,,,,,,,,,,,,,,,,,,,,,,,,,,,,,,,,,,,,,,,,,,,,,,,,,,,,,,,,,,,,,,,,,,,,,,,,,,,,,,,,,,,,,,,,,,,,,,,,,,,,,,,,,,,,,,,,,,,,,,,,,,,,,,,,,,,,,,,,,,,,,,,,,,,,,,,,,,,,,,,,,
5/29/21,995,212,473,125,562,105,314242,261192,100301,78521,,,,,,,,,,,,,,,,,,,,,,,,,,,,,,,,,,,,,,,,,,,,,,,,,,,,,,,,,,,,,,,,,,,,,,,,,,,,,,,,,,,,,,,,,,,,,,,,,,,,,,,,,,,,,,,,,,,,,,,,,,,,,,,,,,,,,,,,,,,,,,,,,,,,,,,,,,,,,,,,,,,
5/30/21,504,140,294,77,248,75,314536,261440,100378,78596,,575680,307760,517891,178753,32416,30632,35101,35701,32616,44135,19795,15886,248026,5038,5557,11406,10085,7548,6783,6274,4424,,,,,,,,,64554,3386,,,,7553,3,,,,57001,7273,30553,,20512,159593,,17574,15566,2273,,,,,91065,68724,9649,,,,,7958,7778,2959,8441,9812,2193,426,1772,2554,3311,5056,9869,3446,3580,1824,6841,4235,3938,2492,6890,5784,4872,2994,3808,11386,3604,4567,4424,21,57,4111,5981,1424,2717,3340,3776,41,10013,7693,4958,4673,6690,10604,1035,5951,5810,3228,3830,6256,4048,5784,,,,,,,,,,,,,,,,,,,,,,,,,,,,,,,,,,,,,,,,,,,,,,,,,,,
5/31/21,202,52,85,24,129,29,314621,261569,100402,78625,,,,,,,,,,,,,,,,,,,,,,,,,,,,,,,,,,,,,,,,,,,,,,,,,,,,,,,,,,,,,,,,,,,,,,,,,,,,,,,,,,,,,,,,,,,,,,,,,,,,,,,,,,,,,,,,,,,,,,,,,,,,,,,,,,,,,,,,,,,,,,,,,,,,,,,,,,,,,,,,,,,
6/1/21,1805,482,753,247,1111,259,315374,262680,100649,78884,,,,,,,,,,,,,,,,,,,,,,,,,,,,,,,,,,,,,,,,,,,,,,,,,,,,,,,,,,,,,,,,,,,,,,,,,,,,,,,,,,,,,,,,,,,,,,,,,,,,,,,,,,,,,,,,,,,,,,,,,,,,,,,,,,,,,,,,,,,,,,,,,,,,,,,,,,,,,,,,,,,
6/2/21,1771,423,749,194,1059,243,316123,263739,100843,79127,,,,,,,,,,,,,,,,,,,,,,,,,,,,,,,,,,,,,,,,,,,,,,,,,,,,,,,,,,,,,,,,,,,,,,,,,,,,,,,,,,,,,,,,,,,,,,,,,,,,,,,,,,,,,,,,,,,,,,,,,,,,,,,,,,,,,,,,,,,,,,,,,,,,,,,,,,,,,,,,,,,
6/3/21,2132,506,696,240,1474,278,316819,265213,101083,79405,,,,,,,,,,,,,,,,,,,,,,,,,,,,,,,,,,,,,,,,,,,,,,,,,,,,,,,,,,,,,,,,,,,,,,,,,,,,,,,,,,,,,,,,,,,,,,,,,,,,,,,,,,,,,,,,,,,,,,,,,,,,,,,,,,,,,,,,,,,,,,,,,,,,,,,,,,,,,,,,,,,
6/4/21,2166,545,788,246,1432,313,317607,266645,101329,79718,,,,,,,,,,,,,,,,,,,,,,,,,,,,,,,,,,,,,,,,,,,,,,,,,,,,,,,,,,,,,,,,,,,,,,,,,,,,,,,,,,,,,,,,,,,,,,,,,,,,,,,,,,,,,,,,,,,,,,,,,,,,,,,,,,,,,,,,,,,,,,,,,,,,,,,,,,,,,,,,,,,
6/5/21,1909,379,729,176,1228,218,318336,267873,101505,79936,,,,,,,,,,,,,,,,,,,,,,,,,,,,,,,,,,,,,,,,,,,,,,,,,,,,,,,,,,,,,,,,,,,,,,,,,,,,,,,,,,,,,,,,,,,,,,,,,,,,,,,,,,,,,,,,,,,,,,,,,,,,,,,,,,,,,,,,,,,,,,,,,,,,,,,,,,,,,,,,,,,
6/6/21,828,186,298,110,574,86,318634,268447,101615,80022,,,,,,,,,,,,,,,,,,,,,,,,,,,,,,,,,,,,,,,,,,,,,,,,,,,,,,,,,,,,,,,,,,,,,,,,,,,,,,,,,,,,,,,,,,,,,,,,,,,,,,,,,,,,,,,,,,,,,,,,,,,,,,,,,,,,,,,,,,,,,,,,,,,,,,,,,,,,,,,,,,,
6/7/21,1980,398,828,225,1197,193,319462,269644,101840,80215,,577950,320690,535342,185881,33861,32072,36796,37606,33975,46017,20859,16839,259867,5107,5607,11464,10251,7708,6906,6447,4565,,,,,,,,,65387,3193,2857,26998,13455,7452,1387,5038,123436,70930,57935,7255,29593,17122,22497,167835,68399,16592,14737,2204,172,74,11594,8597,94399,71857,10064,917,355,51136,30003,8384,8183,3123,8862,10304,2310,438,1880,2741,3466,5239,10240,3624,3708,1928,7127,4441,4110,2673,7210,6077,5099,3115,4019,11929,3811,4753,4631,23,61,4291,6265,1509,2884,3498,3979,45,10398,8126,5230,4911,6947,11035,1099,6187,6089,3356,3957,6672,4297,5996,1912,2064,1220,1178,1457,642,80,401,733,495,1567,1745,1166,1351,462,1878,783,631,555,2541,1027,1496,1389,1217,1513,1064,1375,811,2,1,1497,1238,375,799,1311,513,9,1574,2820,858,1715,896,1069,394,938,1727,1038,869,1674,951,1468
6/8/21,1454,376,593,172,902,224,320055,270546,102012,80439,,,,,,,,,,,,,,,,,,,,,,,,,,,,,,,,,,,,,,,,,,,,,,,,,,,,,,,,,,,,,,,,,,,,,,,,,,,,,,,,,,,,,,,,,,,,,,,,,,,,,,,,,,,,,,,,,,,,,,,,,,,,,,,,,,,,,,,,,,,,,,,,,,,,,,,,,,,,,,,,,,,
6/9/21,1992,481,877,236,1157,257,320932,271703,102248,80696,,,,,,,,,,,,,,,,,,,,,,,,,,,,,,,,,,,,,,,,,,,,,,,,,,,,,,,,,,,,,,,,,,,,,,,,,,,,,,,,,,,,,,,,,,,,,,,,,,,,,,,,,,,,,,,,,,,,,,,,,,,,,,,,,,,,,,,,,,,,,,,,,,,,,,,,,,,,,,,,,,,
6/10/21,1636,409,834,233,859,190,321766,272562,102481,80886,,,,,,,,,,,,,,,,,,,,,,,,,,,,,,,,,,,,,,,,,,,,,,,,,,,,,,,,,,,,,,,,,,,,,,,,,,,,,,,,,,,,,,,,,,,,,,,,,,,,,,,,,,,,,,,,,,,,,,,,,,,,,,,,,,,,,,,,,,,,,,,,,,,,,,,,,,,,,,,,,,,
6/11/21,1738,471,649,220,1127,268,322415,273689,102701,81154,,,,,,,,,,,,,,,,,,,,,,,,,,,,,,,,,,,,,,,,,,,,,,,,,,,,,,,,,,,,,,,,,,,,,,,,,,,,,,,,,,,,,,,,,,,,,,,,,,,,,,,,,,,,,,,,,,,,,,,,,,,,,,,,,,,,,,,,,,,,,,,,,,,,,,,,,,,,,,,,,,,
6/12/21,1490,392,562,155,973,259,322977,274662,102856,81413,,,,,,,,,,,,,,,,,,,,,,,,,,,,,,,,,,,,,,,,,,,,,,,,,,,,,,,,,,,,,,,,,,,,,,,,,,,,,,,,,,,,,,,,,,,,,,,,,,,,,,,,,,,,,,,,,,,,,,,,,,,,,,,,,,,,,,,,,,,,,,,,,,,,,,,,,,,,,,,,,,,
6/13/21,478,133,163,76,342,70,323140,275004,102932,81483,,,,,,,,,,,,,,,,,,,,,,,,,,,,,,,,,,,,,,,,,,,,,,,,,,,,,,,,,,,,,,,,,,,,,,,,,,,,,,,,,,,,,,,,,,,,,,,,,,,,,,,,,,,,,,,,,,,,,,,,,,,,,,,,,,,,,,,,,,,,,,,,,,,,,,,,,,,,,,,,,,,
6/14/21,1582,365,653,191,978,192,323793,275982,103123,81675,,577950,322060,542510,191358,34879,32603,37475,38727,34773,46655,21456,17346,265818,5157,5630,11481,10313,7778,6950,6532,4608,,,,,,,,,65740,2563,2842,25982,12683,7249,3344,5628,127222,73105,58491,6922,28912,15499,24710,175161,67926,16146,14764,2167,179,62,11412,6603,97776,75968,10592,961,376,53461,28663,8806,8403,3218,9120,10830,2387,450,2000,2857,3601,5379,10510,3771,3817,1965,7258,4551,4204,2810,7399,6203,5280,3220,4210,12262,3987,4960,4883,23,62,4481,6547,1564,3029,3661,4168,48,10654,8444,5493,5119,7135,11220,1152,6340,6271,3450,4103,7066,4549,6103,1923,2073,1224,1193,1484,645,81,410,742,502,1573,1756,1187,1374,462,1885,785,636,568,2548,1035,1508,1390,1245,1530,1087,1385,823,2,1,1516,1263,380,810,1323,525,10,1589,2827,876,1737,905,1079,401,951,1728,1046,880,1697,963,1476
6/15/21,1305,360,558,195,796,192,324351,276778,103318,81867,,,,,,,,,,,,,,,,,,,,,,,,,,,,,,,,,,,,,,,,,,,,,,,,,,,,,,,,,,,,,,,,,,,,,,,,,,,,,,,,,,,,,,,,,,,,,,,,,,,,,,,,,,,,,,,,,,,,,,,,,,,,,,,,,,,,,,,,,,,,,,,,,,,,,,,,,,,,,,,,,,,
6/16/21,1433,355,581,167,893,202,324932,277671,103485,82069,,,,,,,,,,,,,,,,,,,,,,,,,,,,,,,,,,,,,,,,,,,,,,,,,,,,,,,,,,,,,,,,,,,,,,,,,,,,,,,,,,,,,,,,,,,,,,,,,,,,,,,,,,,,,,,,,,,,,,,,,,,,,,,,,,,,,,,,,,,,,,,,,,,,,,,,,,,,,,,,,,,
6/17/21,1187,345,549,188,686,178,325481,278357,103673,82247,,,,,,,,,,,,,,,,,,,,,,,,,,,,,,,,,,,,,,,,,,,,,,,,,,,,,,,,,,,,,,,,,,,,,,,,,,,,,,,,,,,,,,,,,,,,,,,,,,,,,,,,,,,,,,,,,,,,,,,,,,,,,,,,,,,,,,,,,,,,,,,,,,,,,,,,,,,,,,,,,,,
6/18/21,1184,296,515,150,703,156,325996,279060,103823,82403,,,,,,,,,,,,,,,,,,,,,,,,,,,,,,,,,,,,,,,,,,,,,,,,,,,,,,,,,,,,,,,,,,,,,,,,,,,,,,,,,,,,,,,,,,,,,,,,,,,,,,,,,,,,,,,,,,,,,,,,,,,,,,,,,,,,,,,,,,,,,,,,,,,,,,,,,,,,,,,,,,,
6/19/21,1064,190,627,137,523,66,326623,279583,103960,82469,,,,,,,,,,,,,,,,,,,,,,,,,,,,,,,,,,,,,,,,,,,,,,,,,,,,,,,,,,,,,,,,,,,,,,,,,,,,,,,,,,,,,,,,,,,,,,,,,,,,,,,,,,,,,,,,,,,,,,,,,,,,,,,,,,,,,,,,,,,,,,,,,,,,,,,,,,,,,,,,,,,
6/20/21,363,103,161,65,240,44,326784,279823,104025,82513,,,,,,,,,,,,,,,,,,,,,,,,,,,,,,,,,,,,,,,,,,,,,,,,,,,,,,,,,,,,,,,,,,,,,,,,,,,,,,,,,,,,,,,,,,,,,,,,,,,,,,,,,,,,,,,,,,,,,,,,,,,,,,,,,,,,,,,,,,,,,,,,,,,,,,,,,,,,,,,,,,,
6/21/21,799,189,474,122,370,73,327258,280193,104147,82586,,578750,324830,553824,201441,35987,33438,38425,40411,35992,47709,22499,18503,274970,5229,5672,11534,10424,7897,7011,6675,4748,,,,,,,,,,,,,,,,,,,,,,,,,,,,,,,,,,,,,,,,9057,8536,3258,9313,11118,2520,458,2099,2960,3688,5439,10665,3924,3901,1997,7379,4647,4272,2911,7504,6293,5382,3258,4335,12487,4173,5082,4976,25,65,4625,6684,1628,3241,3718,4273,51,10816,8550,5633,5266,7260,11341,1233,6456,6345,3510,4207,7317,4691,6152,1940,2080,1226,1206,1500,665,81,422,752,514,1577,1770,1220,1390,462,1894,787,647,579,2560,1042,1524,1392,1258,1543,1113,1395,826,2,1,1542,1270,389,826,1328,534,10,1600,2838,893,1755,916,1085,422,960,1731,1056,893,1710,978,1479
6/22/21,987,260,497,141,563,131,327755,280756,104288,82717,,,,,,,,,,,,,,,,,,,,,,,,,,,,,,,,,,,,,,,,,,,,,,,,,,,,,,,,,,,,,,,,,,,,,,,,,,,,,,,,,,,,,,,,,,,,,,,,,,,,,,,,,,,,,,,,,,,,,,,,,,,,,,,,,,,,,,,,,,,,,,,,,,,,,,,,,,,,,,,,,,,
6/23/21,1017,216,469,118,595,108,328224,281351,104406,82825,,,,,,,,,,,,,,,,,,,,,,,,,,,,,,,,,,,,,,,,,,,,,,,,,,,,,,,,,,,,,,,,,,,,,,,,,,,,,,,,,,,,,,,,,,,,,,,,,,,,,,,,,,,,,,,,,,,,,,,,,,,,,,,,,,,,,,,,,,,,,,,,,,,,,,,,,,,,,,,,,,,
6/24/21,990,265,499,142,562,130,328723,281913,104548,82955,,,,,,,,,,,,,,,,,,,,,,,,,,,,,,,,,,,,,,,,,,,,,,,,,,,,,,,,,,,,,,,,,,,,,,,,,,,,,,,,,,,,,,,,,,,,,,,,,,,,,,,,,,,,,,,,,,,,,,,,,,,,,,,,,,,,,,,,,,,,,,,,,,,,,,,,,,,,,,,,,,,
6/25/21,1060,292,534,174,579,130,329257,282492,104722,83085,,,,,,,,,,,,,,,,,,,,,,,,,,,,,,,,,,,,,,,,,,,,,,,,,,,,,,,,,,,,,,,,,,,,,,,,,,,,,,,,,,,,,,,,,,,,,,,,,,,,,,,,,,,,,,,,,,,,,,,,,,,,,,,,,,,,,,,,,,,,,,,,,,,,,,,,,,,,,,,,,,,
6/26/21,846,209,393,130,503,90,329650,282995,104852,83175,,,,,,,,,,,,,,,,,,,,,,,,,,,,,,,,,,,,,,,,,,,,,,,,,,,,,,,,,,,,,,,,,,,,,,,,,,,,,,,,,,,,,,,,,,,,,,,,,,,,,,,,,,,,,,,,,,,,,,,,,,,,,,,,,,,,,,,,,,,,,,,,,,,,,,,,,,,,,,,,,,,
6/27/21,335,111,144,72,207,43,329794,283202,104924,83218,,,,,,36863,34082,39111,41436,36927,48729,23349,19703,282294,5287,5706,11568,10497,7979,7079,6776,4883,,,,,,,,,66557,2644,2821,23783,11276,6923,4346,6278,133678,77031,59634,6579,26506,g,27011,183205,,16100,14109,2135,179,65,7041,7831,105693,86400,11502,1095,438,43817,32031,9320,8708,3300,9538,11409,2717,468,2225,3044,3785,5515,10875,4081,3993,2025,7497,4738,4385,3043,7699,6416,5515,3286,4521,12759,4336,5217,5094,27,70,4817,6862,1752,3554,3793,4402,54,11102,8687,5843,5470,7419,11526,1329,6588,6431,3579,4334,7550,4818,6257,1955,2089,1228,1222,1519,693,83,429,758,522,1582,1779,1236,1401,463,1903,792,649,590,2570,1048,1542,1393,1281,1559,1136,1404,835,2,1,1564,1287,405,858,1332,546,11,1627,2845,914,1779,925,1095,440,966,1732,1062,902,1724,990,1484
6/28/21,901,234,456,133,488,113,330250,283690,105057,83331,,,,,,,,,,,,,,,,,,,,,,,,,,,,,,,,,,,,,,,,,,,,,,,,,,,,,,,,,,,,,,,,,,,,,,,,,,,,,,,,,,,,,,,,,,,,,,,,,,,,,,,,,,,,,,,,,,,,,,,,,,,,,,,,,,,,,,,,,,,,,,,,,,,,,,,,,,,,,,,,,,,
6/29/21,1001,216,522,133,528,92,330772,284218,105190,83423,,,,,,,,,,,,,,,,,,,,,,,,,,,,,,,,,,,,,,,,,,,,,,,,,,,,,,,,,,,,,,,,,,,,,,,,,,,,,,,,,,,,,,,,,,,,,,,,,,,,,,,,,,,,,,,,,,,,,,,,,,,,,,,,,,,,,,,,,,,,,,,,,,,,,,,,,,,,,,,,,,,
6/30/21,939,269,476,165,509,110,331248,284727,105355,83533,,,,,,,,,,,,,,,,,,,,,,,,,,,,,,,,,,,,,,,,,,,,,,,,,,,,,,,,,,,,,,,,,,,,,,,,,,,,,,,,,,,,,,,,,,,,,,,,,,,,,,,,,,,,,,,,,,,,,,,,,,,,,,,,,,,,,,,,,,,,,,,,,,,,,,,,,,,,,,,,,,,
7/1/21,900,244,473,137,455,113,331721,285182,105492,83646,,,,,,,,,,,,,,,,,,,,,,,,,,,,,,,,,,,,,,,,,,,,,,,,,,,,,,,,,,,,,,,,,,,,,,,,,,,,,,,,,,,,,,,,,,,,,,,,,,,,,,,,,,,,,,,,,,,,,,,,,,,,,,,,,,,,,,,,,,,,,,,,,,,,,,,,,,,,,,,,,,,
7/2/21,972,260,448,148,552,131,332169,285734,105640,83777,,,,,,,,,,,,,,,,,,,,,,,,,,,,,,,,,,,,,,,,,,,,,,,,,,,,,,,,,,,,,,,,,,,,,,,,,,,,,,,,,,,,,,,,,,,,,,,,,,,,,,,,,,,,,,,,,,,,,,,,,,,,,,,,,,,,,,,,,,,,,,,,,,,,,,,,,,,,,,,,,,,
7/3/21,569,134,336,89,250,51,332505,285984,105729,83828,,,,,,,,,,,,,,,,,,,,,,,,,,,,,,,,,,,,,,,,,,,,,,,,,,,,,,,,,,,,,,,,,,,,,,,,,,,,,,,,,,,,,,,,,,,,,,,,,,,,,,,,,,,,,,,,,,,,,,,,,,,,,,,,,,,,,,,,,,,,,,,,,,,,,,,,,,,,,,,,,,,
7/4/21,66,14,45,11,25,5,332550,286009,105740,83833,,,,,,37338,34460,39382,42107,37464,49103,23774,20236,286022,5309,5735,11581,10546,8033,7117,6832,4929,,,,,,,,,67078,,,,,6882,,,,,60196,,,,,,,,,,,,,,,,,,,,,9459,8756,3320,9665,11607,2763,473,2301,3104,3847,5557,10947,4160,4053,2040,7561,4791,4429,3114,7753,6473,5594,3299,4602,12899,4413,5282,5161,27,72,4925,6956,1804,3663,3849,4469,56,11188,8727,5948,5567,7503,11582,1371,6680,6484,3614,4396,7726,4922,6276,1968,2092,1230,1233,1530,696,83,436,764,527,1586,1781,1247,1410,464,1906,794,656,597,2574,1058,1549,1394,1291,1569,1142,1409,837,2,2,1575,1295,412,868,1338,550,11,1633,2845,927,1794,928,1100,443,975,1733,1063,909,1733,995,1487
7/5/21,546,145,288,104,271,42,332838,286280,105844,83875,,,,,,,,,,,,,,,,,,,,,,,,,,,,,,,,,,,,,,,,,,,,,,,,,,,,,,,,,,,,,,,,,,,,,,,,,,,,,,,,,,,,,,,,,,,,,,,,,,,,,,,,,,,,,,,,,,,,,,,,,,,,,,,,,,,,,,,,,,,,,,,,,,,,,,,,,,,,,,,,,,,
7/6/21,1005,243,567,126,488,127,333405,286768,105970,84002,,,,,,,,,,,,,,,,,,,,,,,,,,,,,,,,,,,,,,,,,,,,,,,,,,,,,,,,,,,,,,,,,,,,,,,,,,,,,,,,,,,,,,,,,,,,,,,,,,,,,,,,,,,,,,,,,,,,,,,,,,,,,,,,,,,,,,,,,,,,,,,,,,,,,,,,,,,,,,,,,,,
7/7/21,898,219,397,117,522,105,333802,287290,106087,84107,,,,,,,,,,,,,,,,,,,,,,,,,,,,,,,,,,,,,,,,,,,,,,,,,,,,,,,,,,,,,,,,,,,,,,,,,,,,,,,,,,,,,,,,,,,,,,,,,,,,,,,,,,,,,,,,,,,,,,,,,,,,,,,,,,,,,,,,,,,,,,,,,,,,,,,,,,,,,,,,,,,
7/8/21,926,217,507,116,444,109,334309,287734,106203,84216,,,,,,,,,,,,,,,,,,,,,,,,,,,,,,,,,,,,,,,,,,,,,,,,,,,,,,,,,,,,,,,,,,,,,,,,,,,,,,,,,,,,,,,,,,,,,,,,,,,,,,,,,,,,,,,,,,,,,,,,,,,,,,,,,,,,,,,,,,,,,,,,,,,,,,,,,,,,,,,,,,,
7/9/21,955,230,484,135,503,104,334793,288237,106338,84320,,,,,,,,,,,,,,,,,,,,,,,,,,,,,,,,,,,,,,,,,,,,,,,,,,,,,,,,,,,,,,,,,,,,,,,,,,,,,,,,,,,,,,,,,,,,,,,,,,,,,,,,,,,,,,,,,,,,,,,,,,,,,,,,,,,,,,,,,,,,,,,,,,,,,,,,,,,,,,,,,,,
7/10/21,916,177,431,103,508,80,335224,288745,106441,84400,,,,,,,,,,,,,,,,,,,,,,,,,,,,,,,,,,,,,,,,,,,,,,,,,,,,,,,,,,,,,,,,,,,,,,,,,,,,,,,,,,,,,,,,,,,,,,,,,,,,,,,,,,,,,,,,,,,,,,,,,,,,,,,,,,,,,,,,,,,,,,,,,,,,,,,,,,,,,,,,,,,
7/11/21,215,65,117,39,98,26,335341,288843,106480,84426,,,,,,,,,,,,,,,,,,,,,,,,,,,,,,,,,,,,,,,,,,,,,,,,,,,,,,,,,,,,,,,,,,,,,,,,,,,,,,,,,,,,,,,,,,,,,,,,,,,,,,,,,,,,,,,,,,,,,,,,,,,,,,,,,,,,,,,,,,,,,,,,,,,,,,,,,,,,,,,,,,,
7/12/21,741,188,410,115,365,80,335751,289208,106595,84506,,,,,,,,,,,,,,,,,,,,,,,,,,,,,,,,,,,,,,,,,,,,,,,,,,,,,,,,,,,,,,,,,,,,,,,,,,,,,,,,,,,,,,,,,,,,,,,,,,,,,,,,,,,,,,,,,,,,,,,,,,,,,,,,,,,,,,,,,,,,,,,,,,,,,,,,,,,,,,,,,,,
7/13/21,908,196,558,121,404,84,336309,289612,106716,84590,,,,,,,,,,,,,,,,,,,,,,,,,,,,,,,,,,,,,,,,,,,,,,,,,,,,,,,,,,,,,,9635,8795,3344,9786,11861,2821,477,2350,3147,3905,5592,11014,4242,4096,2056,7608,4824,4491,3180,7799,6523,5689,3312,4702,13029,4490,5375,5254,27,74,5004,7066,1844,3757,3894,4528,59,11256,8782,6038,5649,7573,11649,1390,6745,6525,3650,4459,7935,5041,6303,1978,2095,1232,1242,1545,703,83,440,773,531,1587,1787,1254,1413,468,1911,794,664,600,2580,1062,1554,1395,1304,1578,1147,1418,843,2,2,1584,1303,413,874,1341,553,11,1642,2855,932,1803,938,1103,449,983,1738,1069,913,1742,1002,1487
7/14/21,689,233,389,171,337,63,336698,289949,106887,84653,,,,,,,,,,,,,,,,,,,,,,,,,,,,,,,,,,,,,,,,,,,,,,,,,,,,,,,,,,,,,,,,,,,,,,,,,,,,,,,,,,,,,,,,,,,,,,,,,,,,,,,,,,,,,,,,,,,,,,,,,,,,,,,,,,,,,,,,,,,,,,,,,,,,,,,,,,,,,,,,,,,
7/15/21,864,214,480,119,422,103,337178,290371,107006,84756,,,,,,,,,,,,,,,,,,,,,,,,,,,,,,,,,,,,,,,,,,,,,,,,,,,,,,,,,,,,,,,,,,,,,,,,,,,,,,,,,,,,,,,,,,,,,,,,,,,,,,,,,,,,,,,,,,,,,,,,,,,,,,,,,,,,,,,,,,,,,,,,,,,,,,,,,,,,,,,,,,,
7/16/21,469,85,135,20,338,67,337313,290709,107026,84823,,,,,,,,,,,,,,,,,,,,,,,,,,,,,,,,,,,,,,,,,,,,,,,,,,,,,,,,,,,,,,,,,,,,,,,,,,,,,,,,,,,,,,,,,,,,,,,,,,,,,,,,,,,,,,,,,,,,,,,,,,,,,,,,,,,,,,,,,,,,,,,,,,,,,,,,,,,,,,,,,,,
7/17/21,327,75,0,0,327,75,337313,291036,107026,84898,,,,,,,,,,,,,,,,,,,,,,,,,,,,,,,,,,,,,,,,,,,,,,,,,,,,,,,,,,,,,,,,,,,,,,,,,,,,,,,,,,,,,,,,,,,,,,,,,,,,,,,,,,,,,,,,,,,,,,,,,,,,,,,,,,,,,,,,,,,,,,,,,,,,,,,,,,,,,,,,,,,
7/18/21,95,27,0,0,95,27,337313,291131,107026,84925,,,,,,,,,,,,,,,,,,,,,,,,,,,,,,,,,,,,,,,,,,,,,,,,,,,,,,,,,,,,,,,,,,,,,,,,,,,,,,,,,,,,,,,,,,,,,,,,,,,,,,,,,,,,,,,,,,,,,,,,,,,,,,,,,,,,,,,,,,,,,,,,,,,,,,,,,,,,,,,,,,,
7/19/21,278,71,0,1,278,70,337313,291409,107027,84995,,,,,,38240,34962,39790,43378,38360,49841,24626,21065,292556,5377,5775,11625,10637,8131,7179,6934,5000,,,,,,,,,67343,2507,2847,23085,11005,6825,5402,6984,138326,79814,60518,5905,25996,14368,29357,188874,72813,15667,13682,2101,187,71,5616,8945,107508,90989,11851,1137,454,45042,34063,9781,8830,3356,9867,11998,2877,479,2403,3212,3947,5618,11065,4350,4136,2058,7632,4870,4532,3245,7838,6562,5742,3322,4797,13138,4567,5424,5324,28,74,5077,7145,1882,3832,3923,4580,60,11343,8804,6127,5716,7617,11694,1411,6793,6553,3671,4508,8062,5104,6327,1992,2100,1233,1248,1557,706,83,447,780,534,1588,1795,1269,1420,468,1914,795,664,608,2584,1065,1558,1397,1316,1588,1155,1427,846,2,2,1592,1314,417,881,1343,556,11,1649,2855,939,1814,941,1106,449,991,1740,1074,925,1750,1010,1491